<?xml version="1.0" encoding="UTF-8"?><FileNetExportCatalog version="1">
	<DeploymentTreeLocation/>
	<SourceEnvironment/>
	<ExportOperationFile>DeploymentOperation_Export.xml</ExportOperationFile>
	<ExportManifestFile>manifest.xml</ExportManifestFile>
	<ExportLogFile/>
	<ConvertOperationFile/>
	<SourcePrimaryObjectStoreName>CMDOS</SourcePrimaryObjectStoreName>
	<ExportStartTime>2018-05-11 16:09:21 PDT</ExportStartTime>
	<DatasetFiles>
		<DatasetFile>deployDataSet1.xml</DatasetFile>
	</DatasetFiles>
	<ObjectListFile>ObjectList.xml</ObjectListFile>
	<NumberOfObjectsExported>131</NumberOfObjectsExported>
	<ExportEndTime>2018-05-11 16:09:24 PDT</ExportEndTime>
		<DestinationEnvironment/>
	<DestinationPrimaryObjectStoreName>CMDOS</DestinationPrimaryObjectStoreName>
</FileNetExportCatalog>