<?xml version="1.0" encoding="UTF-8"?><HalfMap type="Service" version="1">
	<List>
		<Item label="" type="ICMPages">
			<Name>ContentAnalytics.WebSiteDisplayer32.default.webSiteDisplayerUrl</Name>
			<Value>http://ecmdemo1.ecm.ibm.local:9080/navigator/?feature=icaICNAnalyticsPane&amp;sideChrome=0</Value>
		</Item>
		<Item label="" type="ICMPages">
			<Name>PracticeDashboard.WebSiteDisplayer0.default.webSiteDisplayerUrl</Name>
			<Value>http://ecmdemo1.ecm.ibm.local:9080/navigator/?feature=ICMMonitorDashboard&amp;sideChrome=0</Value>
		</Item>
		<Item label="" type="ICMPages">
			<Name>TestForCases.WebSiteDisplayer57.default.webSiteDisplayerUrl</Name>
			<Value>http://ecmdemo1.ecm.ibm.local:9080/navigator/test.html</Value>
		</Item>
		<Item label="" type="ICMPages">
			<Name>WorkDetailsReadOnly.WebSiteDisplayer24.default.webSiteDisplayerUrl</Name>
			<Value>file:///C:/Users/IBM_ADMIN/Documents/Development/workspace-rad9/GoodSamCA/WebContent/test.html</Value>
		</Item>
	</List>
</HalfMap>