<?xml version="1.0" encoding="UTF-8"?>
<ExportObjectList version="1">
	<Object>
		<Name>iDirectDoc Visits</Name>
		<ClassName>CmAcmSolutionFolder</ClassName>
		<Id>{4207BDF7-4BD6-C803-8423-5E0832200000}</Id>
		<ObjectStoreId>{3B3B600C-3F75-47A5-B91D-7A36A20A0D2D}</ObjectStoreId>
	</Object>
	<Object>
		<Name>nls</Name>
		<ClassName>Folder</ClassName>
		<Id>{A0B85872-1DC6-C9CD-BB4B-5E0832300005}</Id>
		<ObjectStoreId>{3B3B600C-3F75-47A5-B91D-7A36A20A0D2D}</ObjectStoreId>
	</Object>
	<Object>
		<Name>Pages</Name>
		<ClassName>Folder</ClassName>
		<Id>{684F490F-5EAF-C5EA-A934-5E0832200000}</Id>
		<ObjectStoreId>{3B3B600C-3F75-47A5-B91D-7A36A20A0D2D}</ObjectStoreId>
	</Object>
	<Object>
		<Name>Rules</Name>
		<ClassName>Folder</ClassName>
		<Id>{E4C85D3C-08E3-C8B8-BA35-5E0832300003}</Id>
		<ObjectStoreId>{3B3B600C-3F75-47A5-B91D-7A36A20A0D2D}</ObjectStoreId>
	</Object>
	<Object>
		<Name>Views</Name>
		<ClassName>Folder</ClassName>
		<Id>{8FCD0A43-316F-C026-8BAC-5E0832300004}</Id>
		<ObjectStoreId>{3B3B600C-3F75-47A5-B91D-7A36A20A0D2D}</ObjectStoreId>
	</Object>
	<Object>
		<Name>Resources.js</Name>
		<ClassName>Document</ClassName>
		<Id>{F8524C52-C14E-CD7B-ADA2-6350DD30000F}</Id>
		<ObjectStoreId>{3B3B600C-3F75-47A5-B91D-7A36A20A0D2D}</ObjectStoreId>
	</Object>
	<Object>
		<Name>Resources.js</Name>
		<ClassName>DynamicReferentialContainmentRelationship</ClassName>
		<Id>{F7B9E57F-9CC0-C7D2-828C-5E0832300006}</Id>
		<ObjectStoreId>{3B3B600C-3F75-47A5-B91D-7A36A20A0D2D}</ObjectStoreId>
	</Object>
	<Object>
		<Name>IDV_Episode</Name>
		<ClassName>Folder</ClassName>
		<Id>{5BD99035-8887-C5B0-BC3D-5E0832300003}</Id>
		<ObjectStoreId>{3B3B600C-3F75-47A5-B91D-7A36A20A0D2D}</ObjectStoreId>
	</Object>
	<Object>
		<Name>IDV_Episode</Name>
		<ClassName>Folder</ClassName>
		<Id>{9A59397A-EF65-C482-8D80-5E0832300004}</Id>
		<ObjectStoreId>{3B3B600C-3F75-47A5-B91D-7A36A20A0D2D}</ObjectStoreId>
	</Object>
	<Object>
		<Name>IDV_SampleTask</Name>
		<ClassName>Folder</ClassName>
		<Id>{2C578D50-6B7B-C727-A3BB-5E0832300005}</Id>
		<ObjectStoreId>{3B3B600C-3F75-47A5-B91D-7A36A20A0D2D}</ObjectStoreId>
	</Object>
	<Object>
		<Name>IDV_TodoTask</Name>
		<ClassName>Folder</ClassName>
		<Id>{462CE0DC-DEFC-CE91-AD84-5E0832300005}</Id>
		<ObjectStoreId>{3B3B600C-3F75-47A5-B91D-7A36A20A0D2D}</ObjectStoreId>
	</Object>
	<Object>
		<Name>Add Patient</Name>
		<ClassName>CmAcmPage</ClassName>
		<Id>{B3F43E26-DAF2-C3B0-841A-6350BF500000}</Id>
		<ObjectStoreId>{3B3B600C-3F75-47A5-B91D-7A36A20A0D2D}</ObjectStoreId>
	</Object>
	<Object>
		<Name>Episode Workflow Definition</Name>
		<ClassName>WorkflowDefinition</ClassName>
		<Id>{2D1EA9FA-2D6E-CA58-8A38-5E0832200000}</Id>
		<ObjectStoreId>{3B3B600C-3F75-47A5-B91D-7A36A20A0D2D}</ObjectStoreId>
	</Object>
	<Object>
		<Name>Add Patient</Name>
		<ClassName>DynamicReferentialContainmentRelationship</ClassName>
		<Id>{960BED47-59D4-C1D0-8BE3-5E181A900000}</Id>
		<ObjectStoreId>{3B3B600C-3F75-47A5-B91D-7A36A20A0D2D}</ObjectStoreId>
	</Object>
	<Object>
		<Name>IDV_Episode</Name>
		<ClassName>DynamicReferentialContainmentRelationship</ClassName>
		<Id>{22943A96-E77E-C9E9-8FC1-5E0832200000}</Id>
		<ObjectStoreId>{3B3B600C-3F75-47A5-B91D-7A36A20A0D2D}</ObjectStoreId>
	</Object>
	<Object>
		<Name>Appointment</Name>
		<ClassName>CmAcmPage</ClassName>
		<Id>{525E0F4F-A0F2-CBDC-AC98-5E0832200000}</Id>
		<ObjectStoreId>{3B3B600C-3F75-47A5-B91D-7A36A20A0D2D}</ObjectStoreId>
	</Object>
	<Object>
		<Name>Appointment</Name>
		<ClassName>DynamicReferentialContainmentRelationship</ClassName>
		<Id>{6045B1AE-64CA-CAA8-B0F4-5E0832200000}</Id>
		<ObjectStoreId>{3B3B600C-3F75-47A5-B91D-7A36A20A0D2D}</ObjectStoreId>
	</Object>
	<Object>
		<Name></Name>
		<ClassName>CmAcmDraftArea</ClassName>
		<Id>{E42300C8-7B14-C90B-8F98-5E0832300006}</Id>
		<ObjectStoreId>{3B3B600C-3F75-47A5-B91D-7A36A20A0D2D}</ObjectStoreId>
	</Object>
	<Object>
		<Name>IDV_Episode_Draft</Name>
		<ClassName>ReferentialContainmentRelationship</ClassName>
		<Id>{33507DC4-24DC-C135-9118-5E0832300006}</Id>
		<ObjectStoreId>{3B3B600C-3F75-47A5-B91D-7A36A20A0D2D}</ObjectStoreId>
	</Object>
	<Object>
		<Name>PE Configuration</Name>
		<ClassName>Document</ClassName>
		<Id>{DB570284-591C-C656-8A28-62B649400000}</Id>
		<ObjectStoreId>{3B3B600C-3F75-47A5-B91D-7A36A20A0D2D}</ObjectStoreId>
	</Object>
	<Object>
		<Name>PE Configuration</Name>
		<ClassName>DynamicReferentialContainmentRelationship</ClassName>
		<Id>{39FE0BA8-5795-CDA0-9C67-5E0832200000}</Id>
		<ObjectStoreId>{3B3B600C-3F75-47A5-B91D-7A36A20A0D2D}</ObjectStoreId>
	</Object>
	<Object>
		<Name>Calendar Event</Name>
		<ClassName>CmAcmPage</ClassName>
		<Id>{AD5B0BA4-A5A7-C7C2-B7B4-5E0832200000}</Id>
		<ObjectStoreId>{3B3B600C-3F75-47A5-B91D-7A36A20A0D2D}</ObjectStoreId>
	</Object>
	<Object>
		<Name>Calendar Event</Name>
		<ClassName>DynamicReferentialContainmentRelationship</ClassName>
		<Id>{96E44A9A-F2FB-C590-8529-5E0832300000}</Id>
		<ObjectStoreId>{3B3B600C-3F75-47A5-B91D-7A36A20A0D2D}</ObjectStoreId>
	</Object>
	<Object>
		<Name>Solution Definition</Name>
		<ClassName>Document</ClassName>
		<Id>{5E8298EE-E778-4A61-B337-3F348700EDDE}</Id>
		<ObjectStoreId>{3B3B600C-3F75-47A5-B91D-7A36A20A0D2D}</ObjectStoreId>
	</Object>
	<Object>
		<Name>Solution Definition</Name>
		<ClassName>DynamicReferentialContainmentRelationship</ClassName>
		<Id>{C0CDE535-2E66-C4D7-A52A-5E0832200000}</Id>
		<ObjectStoreId>{3B3B600C-3F75-47A5-B91D-7A36A20A0D2D}</ObjectStoreId>
	</Object>
	<Object>
		<Name></Name>
		<ClassName>CmAcmSolutionLockControl</ClassName>
		<Id>{2989EB97-0C34-C117-8448-5E0832300006}</Id>
		<ObjectStoreId>{3B3B600C-3F75-47A5-B91D-7A36A20A0D2D}</ObjectStoreId>
	</Object>
	<Object>
		<Name>Solution Locks</Name>
		<ClassName>ReferentialContainmentRelationship</ClassName>
		<Id>{61BE1F3B-AFFC-CEFA-88AB-5E0832300006}</Id>
		<ObjectStoreId>{3B3B600C-3F75-47A5-B91D-7A36A20A0D2D}</ObjectStoreId>
	</Object>
	<Object>
		<Name>Episode Search</Name>
		<ClassName>CmAcmPage</ClassName>
		<Id>{46F801F2-2774-CCF2-8ABA-5E0832300000}</Id>
		<ObjectStoreId>{3B3B600C-3F75-47A5-B91D-7A36A20A0D2D}</ObjectStoreId>
	</Object>
	<Object>
		<Name>Clients</Name>
		<ClassName>DynamicReferentialContainmentRelationship</ClassName>
		<Id>{D1DD39E5-461E-C5F0-8C25-5E0832300000}</Id>
		<ObjectStoreId>{3B3B600C-3F75-47A5-B91D-7A36A20A0D2D}</ObjectStoreId>
	</Object>
	<Object>
		<Name>Solution Workflow Collection</Name>
		<ClassName>WorkflowDefinition</ClassName>
		<Id>{53F0E312-4CEA-CCF9-9357-5E0832200000}</Id>
		<ObjectStoreId>{3B3B600C-3F75-47A5-B91D-7A36A20A0D2D}</ObjectStoreId>
	</Object>
	<Object>
		<Name>Solution Workflow Collection</Name>
		<ClassName>DynamicReferentialContainmentRelationship</ClassName>
		<Id>{E8A8944C-1912-CC6A-9555-5E0832200000}</Id>
		<ObjectStoreId>{3B3B600C-3F75-47A5-B91D-7A36A20A0D2D}</ObjectStoreId>
	</Object>
	<Object>
		<Name></Name>
		<ClassName>CmAcmDraftArea</ClassName>
		<Id>{F04C1C25-144F-CE2F-9545-5E0832300006}</Id>
		<ObjectStoreId>{3B3B600C-3F75-47A5-B91D-7A36A20A0D2D}</ObjectStoreId>
	</Object>
	<Object>
		<Name>Solution Workflow Collection_Draft</Name>
		<ClassName>ReferentialContainmentRelationship</ClassName>
		<Id>{85213A3B-189F-CFCE-99BF-5E0832300006}</Id>
		<ObjectStoreId>{3B3B600C-3F75-47A5-B91D-7A36A20A0D2D}</ObjectStoreId>
	</Object>
	<Object>
		<Name>Case Details</Name>
		<ClassName>CmAcmPage</ClassName>
		<Id>{1C834A0F-50CE-C8C4-86F3-6350DD000000}</Id>
		<ObjectStoreId>{3B3B600C-3F75-47A5-B91D-7A36A20A0D2D}</ObjectStoreId>
	</Object>
	<Object>
		<Name>CmAcmCASE_DEFAULT_PAGE</Name>
		<ClassName>DynamicReferentialContainmentRelationship</ClassName>
		<Id>{2D5F6D93-DCCB-C653-94EF-5E0832300000}</Id>
		<ObjectStoreId>{3B3B600C-3F75-47A5-B91D-7A36A20A0D2D}</ObjectStoreId>
	</Object>
	<Object>
		<Name>Add Case</Name>
		<ClassName>CmAcmPage</ClassName>
		<Id>{60522C0D-47EA-CFC7-8707-6350BC700000}</Id>
		<ObjectStoreId>{3B3B600C-3F75-47A5-B91D-7A36A20A0D2D}</ObjectStoreId>
	</Object>
	<Object>
		<Name>CmAcmCASE_NEW_DEFAULT_PAGE</Name>
		<ClassName>DynamicReferentialContainmentRelationship</ClassName>
		<Id>{340FBB78-0E99-C08C-9CFD-5E0832300000}</Id>
		<ObjectStoreId>{3B3B600C-3F75-47A5-B91D-7A36A20A0D2D}</ObjectStoreId>
	</Object>
	<Object>
		<Name>CmAcmCASE_NEW_PAGE</Name>
		<ClassName>CmAcmPage</ClassName>
		<Id>{0254AE65-7327-C077-A226-5E0832300000}</Id>
		<ObjectStoreId>{3B3B600C-3F75-47A5-B91D-7A36A20A0D2D}</ObjectStoreId>
	</Object>
	<Object>
		<Name>CmAcmCASE_NEW_PAGE</Name>
		<ClassName>DynamicReferentialContainmentRelationship</ClassName>
		<Id>{5E70FE3C-C0DD-C6CB-A57A-5E0832300000}</Id>
		<ObjectStoreId>{3B3B600C-3F75-47A5-B91D-7A36A20A0D2D}</ObjectStoreId>
	</Object>
	<Object>
		<Name>CmAcmCASE_PAGE</Name>
		<ClassName>CmAcmPage</ClassName>
		<Id>{A86C7DA9-2CFA-C20A-A921-5E0832300000}</Id>
		<ObjectStoreId>{3B3B600C-3F75-47A5-B91D-7A36A20A0D2D}</ObjectStoreId>
	</Object>
	<Object>
		<Name>CmAcmCASE_PAGE</Name>
		<ClassName>DynamicReferentialContainmentRelationship</ClassName>
		<Id>{BA55031A-C4DA-CBD9-AFC2-5E0832300000}</Id>
		<ObjectStoreId>{3B3B600C-3F75-47A5-B91D-7A36A20A0D2D}</ObjectStoreId>
	</Object>
	<Object>
		<Name>CmAcmCASE_SPLIT_DEFAULT_PAGE</Name>
		<ClassName>CmAcmPage</ClassName>
		<Id>{814BF3BE-81F1-C284-B3BD-5E0832300000}</Id>
		<ObjectStoreId>{3B3B600C-3F75-47A5-B91D-7A36A20A0D2D}</ObjectStoreId>
	</Object>
	<Object>
		<Name>CmAcmCASE_SPLIT_DEFAULT_PAGE</Name>
		<ClassName>DynamicReferentialContainmentRelationship</ClassName>
		<Id>{918A2CD2-4DDB-CFCA-B71C-5E0832300000}</Id>
		<ObjectStoreId>{3B3B600C-3F75-47A5-B91D-7A36A20A0D2D}</ObjectStoreId>
	</Object>
	<Object>
		<Name>CmAcmCASES_DEFAULT_PAGE</Name>
		<ClassName>CmAcmPage</ClassName>
		<Id>{C31DB8FA-16A2-C571-866A-5E1773100000}</Id>
		<ObjectStoreId>{3B3B600C-3F75-47A5-B91D-7A36A20A0D2D}</ObjectStoreId>
	</Object>
	<Object>
		<Name>CmAcmCASES_DEFAULT_PAGE</Name>
		<ClassName>DynamicReferentialContainmentRelationship</ClassName>
		<Id>{9F52713C-0A93-C61D-BEE0-5E0832300000}</Id>
		<ObjectStoreId>{3B3B600C-3F75-47A5-B91D-7A36A20A0D2D}</ObjectStoreId>
	</Object>
	<Object>
		<Name>CmAcmSTEP_ATTACHMENT_PAGE</Name>
		<ClassName>CmAcmPage</ClassName>
		<Id>{52FF9F4D-3A31-C2B0-81B8-5E0832300001}</Id>
		<ObjectStoreId>{3B3B600C-3F75-47A5-B91D-7A36A20A0D2D}</ObjectStoreId>
	</Object>
	<Object>
		<Name>CmAcmSTEP_ATTACHMENT_PAGE</Name>
		<ClassName>DynamicReferentialContainmentRelationship</ClassName>
		<Id>{B936A634-F7BF-C355-86D6-5E0832300001}</Id>
		<ObjectStoreId>{3B3B600C-3F75-47A5-B91D-7A36A20A0D2D}</ObjectStoreId>
	</Object>
	<Object>
		<Name>CmAcmSTEP_DEFAULT_PAGE</Name>
		<ClassName>CmAcmPage</ClassName>
		<Id>{EC73D044-B43D-C0BB-8AC4-5E0832300001}</Id>
		<ObjectStoreId>{3B3B600C-3F75-47A5-B91D-7A36A20A0D2D}</ObjectStoreId>
	</Object>
	<Object>
		<Name>CmAcmSTEP_DEFAULT_PAGE</Name>
		<ClassName>DynamicReferentialContainmentRelationship</ClassName>
		<Id>{C57B61D9-24DB-C8CC-8CA9-5E0832300001}</Id>
		<ObjectStoreId>{3B3B600C-3F75-47A5-B91D-7A36A20A0D2D}</ObjectStoreId>
	</Object>
	<Object>
		<Name>CmAcmSTEP_DYNAMIC_DEFAULT_PAGE</Name>
		<ClassName>CmAcmPage</ClassName>
		<Id>{8E2BD5C0-1DCA-C515-9094-5E0832300001}</Id>
		<ObjectStoreId>{3B3B600C-3F75-47A5-B91D-7A36A20A0D2D}</ObjectStoreId>
	</Object>
	<Object>
		<Name>CmAcmSTEP_DYNAMIC_DEFAULT_PAGE</Name>
		<ClassName>DynamicReferentialContainmentRelationship</ClassName>
		<Id>{E0227FB3-5C4E-C852-94BA-5E0832300001}</Id>
		<ObjectStoreId>{3B3B600C-3F75-47A5-B91D-7A36A20A0D2D}</ObjectStoreId>
	</Object>
	<Object>
		<Name>CmAcmSTEP_LAUNCH_DEFAULT_PAGE</Name>
		<ClassName>CmAcmPage</ClassName>
		<Id>{859FACFC-A3B5-CC92-9990-5E0832300001}</Id>
		<ObjectStoreId>{3B3B600C-3F75-47A5-B91D-7A36A20A0D2D}</ObjectStoreId>
	</Object>
	<Object>
		<Name>CmAcmSTEP_LAUNCH_DEFAULT_PAGE</Name>
		<ClassName>DynamicReferentialContainmentRelationship</ClassName>
		<Id>{74AF5555-A2F1-CF5A-9CC4-5E0832300001}</Id>
		<ObjectStoreId>{3B3B600C-3F75-47A5-B91D-7A36A20A0D2D}</ObjectStoreId>
	</Object>
	<Object>
		<Name>CmAcmSTEP_LAUNCH_PAGE</Name>
		<ClassName>CmAcmPage</ClassName>
		<Id>{DC5D47E0-3ED4-CE81-A22A-5E0832300001}</Id>
		<ObjectStoreId>{3B3B600C-3F75-47A5-B91D-7A36A20A0D2D}</ObjectStoreId>
	</Object>
	<Object>
		<Name>BP</Name>
		<ClassName>CmAcmRule</ClassName>
		<Id>{F73F6C80-A8AB-C04C-8176-5E0832300004}</Id>
		<ObjectStoreId>{3B3B600C-3F75-47A5-B91D-7A36A20A0D2D}</ObjectStoreId>
	</Object>
	<Object>
		<Name>BMI</Name>
		<ClassName>DynamicReferentialContainmentRelationship</ClassName>
		<Id>{83CB03FC-940B-CDA6-8523-5E0832300004}</Id>
		<ObjectStoreId>{3B3B600C-3F75-47A5-B91D-7A36A20A0D2D}</ObjectStoreId>
	</Object>
	<Object>
		<Name>CmAcmSTEP_LAUNCH_PAGE</Name>
		<ClassName>DynamicReferentialContainmentRelationship</ClassName>
		<Id>{14A2E4EE-9D50-CF40-A596-5E0832300001}</Id>
		<ObjectStoreId>{3B3B600C-3F75-47A5-B91D-7A36A20A0D2D}</ObjectStoreId>
	</Object>
	<Object>
		<Name>CmAcmSTEP_PAGE</Name>
		<ClassName>CmAcmPage</ClassName>
		<Id>{3F8DA697-B12E-CBB8-A85D-5E0832300001}</Id>
		<ObjectStoreId>{3B3B600C-3F75-47A5-B91D-7A36A20A0D2D}</ObjectStoreId>
	</Object>
	<Object>
		<Name>CmAcmSTEP_PAGE</Name>
		<ClassName>DynamicReferentialContainmentRelationship</ClassName>
		<Id>{B9F61F57-BCC1-C83C-AF0C-5E0832300001}</Id>
		<ObjectStoreId>{3B3B600C-3F75-47A5-B91D-7A36A20A0D2D}</ObjectStoreId>
	</Object>
	<Object>
		<Name>Work</Name>
		<ClassName>CmAcmPage</ClassName>
		<Id>{54DE5386-03B8-CCEB-8572-62B622F00000}</Id>
		<ObjectStoreId>{3B3B600C-3F75-47A5-B91D-7A36A20A0D2D}</ObjectStoreId>
	</Object>
	<Object>
		<Name>CmAcmWORK_DEFAULT_PAGE</Name>
		<ClassName>DynamicReferentialContainmentRelationship</ClassName>
		<Id>{CBB69D0C-F637-C30B-B60A-5E0832300001}</Id>
		<ObjectStoreId>{3B3B600C-3F75-47A5-B91D-7A36A20A0D2D}</ObjectStoreId>
	</Object>
	<Object>
		<Name>Content Analytics</Name>
		<ClassName>CmAcmPage</ClassName>
		<Id>{F2C23F85-F6C0-C78E-8579-62C0B3400000}</Id>
		<ObjectStoreId>{3B3B600C-3F75-47A5-B91D-7A36A20A0D2D}</ObjectStoreId>
	</Object>
	<Object>
		<Name>Content Analytics</Name>
		<ClassName>DynamicReferentialContainmentRelationship</ClassName>
		<Id>{FDB4AD45-5762-CD22-897D-62B647500000}</Id>
		<ObjectStoreId>{3B3B600C-3F75-47A5-B91D-7A36A20A0D2D}</ObjectStoreId>
	</Object>
	<Object>
		<Name>Costable Event</Name>
		<ClassName>CmAcmPage</ClassName>
		<Id>{57677811-4103-C349-B863-5E0832300001}</Id>
		<ObjectStoreId>{3B3B600C-3F75-47A5-B91D-7A36A20A0D2D}</ObjectStoreId>
	</Object>
	<Object>
		<Name>Costable Event</Name>
		<ClassName>DynamicReferentialContainmentRelationship</ClassName>
		<Id>{8DD65DFE-CC93-C2FD-BF4D-5E0832300001}</Id>
		<ObjectStoreId>{3B3B600C-3F75-47A5-B91D-7A36A20A0D2D}</ObjectStoreId>
	</Object>
	<Object>
		<Name>Create Calender Event</Name>
		<ClassName>CmAcmPage</ClassName>
		<Id>{97B3E654-079D-C853-83FE-5E0832300002}</Id>
		<ObjectStoreId>{3B3B600C-3F75-47A5-B91D-7A36A20A0D2D}</ObjectStoreId>
	</Object>
	<Object>
		<Name>Create Calender Event</Name>
		<ClassName>DynamicReferentialContainmentRelationship</ClassName>
		<Id>{81B7AA7D-0685-C3E0-84EB-5E0832300002}</Id>
		<ObjectStoreId>{3B3B600C-3F75-47A5-B91D-7A36A20A0D2D}</ObjectStoreId>
	</Object>
	<Object>
		<Name>Copy of Episode View Default_original</Name>
		<ClassName>CmAcmView</ClassName>
		<Id>{E3705A54-C45A-C9F5-93C9-5E0832300004}</Id>
		<ObjectStoreId>{3B3B600C-3F75-47A5-B91D-7A36A20A0D2D}</ObjectStoreId>
	</Object>
	<Object>
		<Name>Copy of Episode View Default</Name>
		<ClassName>DynamicReferentialContainmentRelationship</ClassName>
		<Id>{909E50B6-5A24-C949-95FE-5E0832300004}</Id>
		<ObjectStoreId>{3B3B600C-3F75-47A5-B91D-7A36A20A0D2D}</ObjectStoreId>
	</Object>
	<Object>
		<Name>Create Message</Name>
		<ClassName>CmAcmPage</ClassName>
		<Id>{A2AC6840-A379-CB5F-88AF-5E0832300002}</Id>
		<ObjectStoreId>{3B3B600C-3F75-47A5-B91D-7A36A20A0D2D}</ObjectStoreId>
	</Object>
	<Object>
		<Name>Create Message</Name>
		<ClassName>DynamicReferentialContainmentRelationship</ClassName>
		<Id>{170561E3-443C-C5E4-8DCD-5E0832300002}</Id>
		<ObjectStoreId>{3B3B600C-3F75-47A5-B91D-7A36A20A0D2D}</ObjectStoreId>
	</Object>
	<Object>
		<Name>Create Reminder</Name>
		<ClassName>CmAcmPage</ClassName>
		<Id>{D53C9187-DE50-C31A-9301-5E0832300002}</Id>
		<ObjectStoreId>{3B3B600C-3F75-47A5-B91D-7A36A20A0D2D}</ObjectStoreId>
	</Object>
	<Object>
		<Name>Create Reminder</Name>
		<ClassName>DynamicReferentialContainmentRelationship</ClassName>
		<Id>{67A29F07-AA57-C61B-961E-5E0832300002}</Id>
		<ObjectStoreId>{3B3B600C-3F75-47A5-B91D-7A36A20A0D2D}</ObjectStoreId>
	</Object>
	<Object>
		<Name>Custom Scripts</Name>
		<ClassName>CmAcmPage</ClassName>
		<Id>{A384C076-FBF5-CB57-98AB-5E0832300002}</Id>
		<ObjectStoreId>{3B3B600C-3F75-47A5-B91D-7A36A20A0D2D}</ObjectStoreId>
	</Object>
	<Object>
		<Name>Custom Scripts</Name>
		<ClassName>DynamicReferentialContainmentRelationship</ClassName>
		<Id>{46F7ADE8-7952-C92D-9CA9-5E0832300002}</Id>
		<ObjectStoreId>{3B3B600C-3F75-47A5-B91D-7A36A20A0D2D}</ObjectStoreId>
	</Object>
	<Object>
		<Name>Custom Scripts1</Name>
		<ClassName>CmAcmPage</ClassName>
		<Id>{2F0CE502-E05B-C9FC-A2B6-5E0832300002}</Id>
		<ObjectStoreId>{3B3B600C-3F75-47A5-B91D-7A36A20A0D2D}</ObjectStoreId>
	</Object>
	<Object>
		<Name>Custom Scripts1</Name>
		<ClassName>DynamicReferentialContainmentRelationship</ClassName>
		<Id>{EBE01675-8EC3-C1D2-A74F-5E0832300002}</Id>
		<ObjectStoreId>{3B3B600C-3F75-47A5-B91D-7A36A20A0D2D}</ObjectStoreId>
	</Object>
	<Object>
		<Name>Custom Toolbar Menu</Name>
		<ClassName>CmAcmPage</ClassName>
		<Id>{604EBAD2-A297-C62A-A9FE-5E0832300002}</Id>
		<ObjectStoreId>{3B3B600C-3F75-47A5-B91D-7A36A20A0D2D}</ObjectStoreId>
	</Object>
	<Object>
		<Name>Custom Toolbar Menu</Name>
		<ClassName>DynamicReferentialContainmentRelationship</ClassName>
		<Id>{9015C821-233D-CB0F-ADB3-5E0832300002}</Id>
		<ObjectStoreId>{3B3B600C-3F75-47A5-B91D-7A36A20A0D2D}</ObjectStoreId>
	</Object>
	<Object>
		<Name>Home</Name>
		<ClassName>CmAcmPage</ClassName>
		<Id>{85484621-0777-CD2B-85B4-62D0B0F00000}</Id>
		<ObjectStoreId>{3B3B600C-3F75-47A5-B91D-7A36A20A0D2D}</ObjectStoreId>
	</Object>
	<Object>
		<Name>Home</Name>
		<ClassName>DynamicReferentialContainmentRelationship</ClassName>
		<Id>{3C921363-3EB2-CDF5-B7BE-5E0832300002}</Id>
		<ObjectStoreId>{3B3B600C-3F75-47A5-B91D-7A36A20A0D2D}</ObjectStoreId>
	</Object>
	<Object>
		<Name>Home PageX</Name>
		<ClassName>CmAcmPage</ClassName>
		<Id>{B38D5DF2-BAF7-CA8E-BB9D-5E0832300002}</Id>
		<ObjectStoreId>{3B3B600C-3F75-47A5-B91D-7A36A20A0D2D}</ObjectStoreId>
	</Object>
	<Object>
		<Name>Home Page</Name>
		<ClassName>DynamicReferentialContainmentRelationship</ClassName>
		<Id>{501C4CFF-380B-C379-BD8E-5E0832300002}</Id>
		<ObjectStoreId>{3B3B600C-3F75-47A5-B91D-7A36A20A0D2D}</ObjectStoreId>
	</Object>
	<Object>
		<Name>Home Page</Name>
		<ClassName>CmAcmPage</ClassName>
		<Id>{EF02A9F3-C434-CC33-851F-62D02E700000}</Id>
		<ObjectStoreId>{3B3B600C-3F75-47A5-B91D-7A36A20A0D2D}</ObjectStoreId>
	</Object>
	<Object>
		<Name>Home Page 2</Name>
		<ClassName>DynamicReferentialContainmentRelationship</ClassName>
		<Id>{5D3FD0C6-A535-C58E-8672-5E0832300003}</Id>
		<ObjectStoreId>{3B3B600C-3F75-47A5-B91D-7A36A20A0D2D}</ObjectStoreId>
	</Object>
	<Object>
		<Name>Patient Outlook</Name>
		<ClassName>CmAcmPage</ClassName>
		<Id>{99E03A21-9CEF-CDA3-89D1-5E0832300003}</Id>
		<ObjectStoreId>{3B3B600C-3F75-47A5-B91D-7A36A20A0D2D}</ObjectStoreId>
	</Object>
	<Object>
		<Name>Home Page1</Name>
		<ClassName>DynamicReferentialContainmentRelationship</ClassName>
		<Id>{23FD556B-6ED9-CB67-8C11-5E0832300003}</Id>
		<ObjectStoreId>{3B3B600C-3F75-47A5-B91D-7A36A20A0D2D}</ObjectStoreId>
	</Object>
	<Object>
		<Name>My Calendar</Name>
		<ClassName>CmAcmPage</ClassName>
		<Id>{C5326CB4-2B5F-C644-84DC-62C0B0E00000}</Id>
		<ObjectStoreId>{3B3B600C-3F75-47A5-B91D-7A36A20A0D2D}</ObjectStoreId>
	</Object>
	<Object>
		<Name>My Calendar</Name>
		<ClassName>DynamicReferentialContainmentRelationship</ClassName>
		<Id>{BDA23DB2-E7B7-CDD6-97E3-5E0832300003}</Id>
		<ObjectStoreId>{3B3B600C-3F75-47A5-B91D-7A36A20A0D2D}</ObjectStoreId>
	</Object>
	<Object>
		<Name>My Personal Health Records</Name>
		<ClassName>CmAcmPage</ClassName>
		<Id>{3ADCDDA2-B0C4-C738-9BE6-5E0832300003}</Id>
		<ObjectStoreId>{3B3B600C-3F75-47A5-B91D-7A36A20A0D2D}</ObjectStoreId>
	</Object>
	<Object>
		<Name>My Personal Health Records</Name>
		<ClassName>DynamicReferentialContainmentRelationship</ClassName>
		<Id>{A8D289AC-8E34-C8BA-9E33-5E0832300003}</Id>
		<ObjectStoreId>{3B3B600C-3F75-47A5-B91D-7A36A20A0D2D}</ObjectStoreId>
	</Object>
	<Object>
		<Name>Copy of Episode View Default_2</Name>
		<ClassName>CmAcmView</ClassName>
		<Id>{A24BEECF-72D7-C14F-9997-5E0832300004}</Id>
		<ObjectStoreId>{3B3B600C-3F75-47A5-B91D-7A36A20A0D2D}</ObjectStoreId>
	</Object>
	<Object>
		<Name>Copy of Episode View Default_2</Name>
		<ClassName>DynamicReferentialContainmentRelationship</ClassName>
		<Id>{E0885BF9-2BDC-C491-9EDF-5E0832300004}</Id>
		<ObjectStoreId>{3B3B600C-3F75-47A5-B91D-7A36A20A0D2D}</ObjectStoreId>
	</Object>
	<Object>
		<Name>Practice Dashboard</Name>
		<ClassName>CmAcmPage</ClassName>
		<Id>{F2112A1B-42E9-C365-86A3-62C0B2D00000}</Id>
		<ObjectStoreId>{3B3B600C-3F75-47A5-B91D-7A36A20A0D2D}</ObjectStoreId>
	</Object>
	<Object>
		<Name>Practice Dashboard</Name>
		<ClassName>DynamicReferentialContainmentRelationship</ClassName>
		<Id>{B2D96A28-E594-CA2C-892A-62B5EAE00000}</Id>
		<ObjectStoreId>{3B3B600C-3F75-47A5-B91D-7A36A20A0D2D}</ObjectStoreId>
	</Object>
	<Object>
		<Name>Copy of Episode View Default_shubham</Name>
		<ClassName>CmAcmView</ClassName>
		<Id>{C4C5B2F7-31F7-C324-8487-5E3130900000}</Id>
		<ObjectStoreId>{3B3B600C-3F75-47A5-B91D-7A36A20A0D2D}</ObjectStoreId>
	</Object>
	<Object>
		<Name>Copy of Episode View Default_shubham</Name>
		<ClassName>DynamicReferentialContainmentRelationship</ClassName>
		<Id>{245757BE-61C7-CF0C-A6D3-5E0832300004}</Id>
		<ObjectStoreId>{3B3B600C-3F75-47A5-B91D-7A36A20A0D2D}</ObjectStoreId>
	</Object>
	<Object>
		<Name>Reminders Work Details</Name>
		<ClassName>CmAcmPage</ClassName>
		<Id>{AB5E5A1C-E342-C1CB-A190-5E0832300003}</Id>
		<ObjectStoreId>{3B3B600C-3F75-47A5-B91D-7A36A20A0D2D}</ObjectStoreId>
	</Object>
	<Object>
		<Name>Reminders Work Details</Name>
		<ClassName>DynamicReferentialContainmentRelationship</ClassName>
		<Id>{45003611-D78A-C888-A6FA-5E0832300003}</Id>
		<ObjectStoreId>{3B3B600C-3F75-47A5-B91D-7A36A20A0D2D}</ObjectStoreId>
	</Object>
	<Object>
		<Name>Costable Event</Name>
		<ClassName>CmAcmView</ClassName>
		<Id>{F0FD46A0-B1B9-C01F-A991-5E0832300004}</Id>
		<ObjectStoreId>{3B3B600C-3F75-47A5-B91D-7A36A20A0D2D}</ObjectStoreId>
	</Object>
	<Object>
		<Name>Secure Message</Name>
		<ClassName>CmAcmPage</ClassName>
		<Id>{CD27AC56-1CA2-C608-A963-5E0832300003}</Id>
		<ObjectStoreId>{3B3B600C-3F75-47A5-B91D-7A36A20A0D2D}</ObjectStoreId>
	</Object>
	<Object>
		<Name>Costable Event</Name>
		<ClassName>DynamicReferentialContainmentRelationship</ClassName>
		<Id>{F2D80E56-5EEA-C619-AF5A-5E0832300004}</Id>
		<ObjectStoreId>{3B3B600C-3F75-47A5-B91D-7A36A20A0D2D}</ObjectStoreId>
	</Object>
	<Object>
		<Name>Secure Message</Name>
		<ClassName>DynamicReferentialContainmentRelationship</ClassName>
		<Id>{56FA9872-2AFB-CF39-AC88-5E0832300003}</Id>
		<ObjectStoreId>{3B3B600C-3F75-47A5-B91D-7A36A20A0D2D}</ObjectStoreId>
	</Object>
	<Object>
		<Name>TestForCases</Name>
		<ClassName>CmAcmPage</ClassName>
		<Id>{DEB9565D-F7F2-CCEF-8737-619F29400000}</Id>
		<ObjectStoreId>{3B3B600C-3F75-47A5-B91D-7A36A20A0D2D}</ObjectStoreId>
	</Object>
	<Object>
		<Name>TestForCases</Name>
		<ClassName>DynamicReferentialContainmentRelationship</ClassName>
		<Id>{CC4B6B28-9434-CE3C-8A0D-619F22000000}</Id>
		<ObjectStoreId>{3B3B600C-3F75-47A5-B91D-7A36A20A0D2D}</ObjectStoreId>
	</Object>
	<Object>
		<Name>Work Details Read Only</Name>
		<ClassName>CmAcmPage</ClassName>
		<Id>{67FBF948-0BF3-C4AB-B1ED-5E0832300003}</Id>
		<ObjectStoreId>{3B3B600C-3F75-47A5-B91D-7A36A20A0D2D}</ObjectStoreId>
	</Object>
	<Object>
		<Name>Work Details Read Only</Name>
		<ClassName>DynamicReferentialContainmentRelationship</ClassName>
		<Id>{79160EA5-4006-CFCB-B4FD-5E0832300003}</Id>
		<ObjectStoreId>{3B3B600C-3F75-47A5-B91D-7A36A20A0D2D}</ObjectStoreId>
	</Object>
	<Object>
		<Name>Deepak_Copy_EpisodeViewDefault_Latest</Name>
		<ClassName>CmAcmView</ClassName>
		<Id>{ADF78070-F386-C56E-84DA-60B1ABC00000}</Id>
		<ObjectStoreId>{3B3B600C-3F75-47A5-B91D-7A36A20A0D2D}</ObjectStoreId>
	</Object>
	<Object>
		<Name>Deepak_Copy_EpisodeViewDefault_Latest</Name>
		<ClassName>DynamicReferentialContainmentRelationship</ClassName>
		<Id>{428B3672-CB38-C709-8B28-60B1ABC00000}</Id>
		<ObjectStoreId>{3B3B600C-3F75-47A5-B91D-7A36A20A0D2D}</ObjectStoreId>
	</Object>
	<Object>
		<Name>Episode View Default</Name>
		<ClassName>CmAcmView</ClassName>
		<Id>{33E83A9F-1FC8-C568-B1AC-5E0832300004}</Id>
		<ObjectStoreId>{3B3B600C-3F75-47A5-B91D-7A36A20A0D2D}</ObjectStoreId>
	</Object>
	<Object>
		<Name>Episode View Default</Name>
		<ClassName>DynamicReferentialContainmentRelationship</ClassName>
		<Id>{044298FD-B90C-CFC1-B628-5E0832300004}</Id>
		<ObjectStoreId>{3B3B600C-3F75-47A5-B91D-7A36A20A0D2D}</ObjectStoreId>
	</Object>
	<Object>
		<Name>Episode View Default Mobile</Name>
		<ClassName>CmAcmView</ClassName>
		<Id>{4AF11EFF-A4D6-CAE2-8766-632885600000}</Id>
		<ObjectStoreId>{3B3B600C-3F75-47A5-B91D-7A36A20A0D2D}</ObjectStoreId>
	</Object>
	<Object>
		<Name>Episode View Default Mobile</Name>
		<ClassName>DynamicReferentialContainmentRelationship</ClassName>
		<Id>{B46D3CB4-FF34-C446-8971-632885600000}</Id>
		<ObjectStoreId>{3B3B600C-3F75-47A5-B91D-7A36A20A0D2D}</ObjectStoreId>
	</Object>
	<Object>
		<Name>Episode View New Patient</Name>
		<ClassName>CmAcmView</ClassName>
		<Id>{B0A920FB-3AD0-C351-85BB-6350C6400000}</Id>
		<ObjectStoreId>{3B3B600C-3F75-47A5-B91D-7A36A20A0D2D}</ObjectStoreId>
	</Object>
	<Object>
		<Name>Episode View New Patient</Name>
		<ClassName>DynamicReferentialContainmentRelationship</ClassName>
		<Id>{F7554523-8940-C6EC-8962-6350BC200000}</Id>
		<ObjectStoreId>{3B3B600C-3F75-47A5-B91D-7A36A20A0D2D}</ObjectStoreId>
	</Object>
	<Object>
		<Name>Episode View Read Only</Name>
		<ClassName>CmAcmView</ClassName>
		<Id>{8B543C06-3980-C66C-B93A-5E0832300004}</Id>
		<ObjectStoreId>{3B3B600C-3F75-47A5-B91D-7A36A20A0D2D}</ObjectStoreId>
	</Object>
	<Object>
		<Name>Episode View Read Only</Name>
		<ClassName>DynamicReferentialContainmentRelationship</ClassName>
		<Id>{294FE8E6-7476-CC02-BD37-5E0832300004}</Id>
		<ObjectStoreId>{3B3B600C-3F75-47A5-B91D-7A36A20A0D2D}</ObjectStoreId>
	</Object>
	<Object>
		<Name>EpisodeViewDefault_Latest</Name>
		<ClassName>CmAcmView</ClassName>
		<Id>{FF2EEC6E-0F5A-CED7-857C-6350DA000000}</Id>
		<ObjectStoreId>{3B3B600C-3F75-47A5-B91D-7A36A20A0D2D}</ObjectStoreId>
	</Object>
	<Object>
		<Name>EpisodeViewDefault_Latest</Name>
		<ClassName>DynamicReferentialContainmentRelationship</ClassName>
		<Id>{45BB4CDE-0C53-CC36-8856-5E17B6B00000}</Id>
		<ObjectStoreId>{3B3B600C-3F75-47A5-B91D-7A36A20A0D2D}</ObjectStoreId>
	</Object>
	<Object>
		<Name>Message</Name>
		<ClassName>CmAcmView</ClassName>
		<Id>{28B05007-A196-C577-8539-603F7F300000}</Id>
		<ObjectStoreId>{3B3B600C-3F75-47A5-B91D-7A36A20A0D2D}</ObjectStoreId>
	</Object>
	<Object>
		<Name>Message</Name>
		<ClassName>DynamicReferentialContainmentRelationship</ClassName>
		<Id>{26F69637-6443-C58F-87C5-5E0832300005}</Id>
		<ObjectStoreId>{3B3B600C-3F75-47A5-B91D-7A36A20A0D2D}</ObjectStoreId>
	</Object>
	<Object>
		<Name>My Personal Health Record</Name>
		<ClassName>CmAcmView</ClassName>
		<Id>{BE83BA97-F932-CE7B-89C2-5E0832300005}</Id>
		<ObjectStoreId>{3B3B600C-3F75-47A5-B91D-7A36A20A0D2D}</ObjectStoreId>
	</Object>
	<Object>
		<Name>My Personal Health Record</Name>
		<ClassName>DynamicReferentialContainmentRelationship</ClassName>
		<Id>{FC4E9404-EE5E-C063-8E82-5E0832300005}</Id>
		<ObjectStoreId>{3B3B600C-3F75-47A5-B91D-7A36A20A0D2D}</ObjectStoreId>
	</Object>
	<Object>
		<Name>Reminders View</Name>
		<ClassName>CmAcmView</ClassName>
		<Id>{573CF709-4C96-C1A9-9353-5E0832300005}</Id>
		<ObjectStoreId>{3B3B600C-3F75-47A5-B91D-7A36A20A0D2D}</ObjectStoreId>
	</Object>
	<Object>
		<Name>Reminders View</Name>
		<ClassName>DynamicReferentialContainmentRelationship</ClassName>
		<Id>{7B5B0248-A4E6-C380-97A8-5E0832300005}</Id>
		<ObjectStoreId>{3B3B600C-3F75-47A5-B91D-7A36A20A0D2D}</ObjectStoreId>
	</Object>
	<Object>
		<Name>To Do Layout</Name>
		<ClassName>CmAcmView</ClassName>
		<Id>{907EC49B-9474-C44F-988E-5E0832300005}</Id>
		<ObjectStoreId>{3B3B600C-3F75-47A5-B91D-7A36A20A0D2D}</ObjectStoreId>
	</Object>
	<Object>
		<Name>To Do Layout</Name>
		<ClassName>DynamicReferentialContainmentRelationship</ClassName>
		<Id>{03F9989E-304F-C1E5-9DE0-5E0832300005}</Id>
		<ObjectStoreId>{3B3B600C-3F75-47A5-B91D-7A36A20A0D2D}</ObjectStoreId>
	</Object>
	<Object>
		<Name>CmAcmTASK_DEFAULT_VIEW</Name>
		<ClassName>CmAcmView</ClassName>
		<Id>{B872BEE9-A66E-CD3D-A5FB-5E0832300005}</Id>
		<ObjectStoreId>{3B3B600C-3F75-47A5-B91D-7A36A20A0D2D}</ObjectStoreId>
	</Object>
	<Object>
		<Name>CmAcmTASK_DEFAULT_VIEW</Name>
		<ClassName>DynamicReferentialContainmentRelationship</ClassName>
		<Id>{A8250AA2-7FD8-C7C0-AA37-5E0832300005}</Id>
		<ObjectStoreId>{3B3B600C-3F75-47A5-B91D-7A36A20A0D2D}</ObjectStoreId>
	</Object>
	<Object>
		<Name>CmAcmTASK_DEFAULT_VIEW</Name>
		<ClassName>CmAcmView</ClassName>
		<Id>{362BACBE-85BE-C60E-B310-5E0832300005}</Id>
		<ObjectStoreId>{3B3B600C-3F75-47A5-B91D-7A36A20A0D2D}</ObjectStoreId>
	</Object>
	<Object>
		<Name>CmAcmTASK_DEFAULT_VIEW</Name>
		<ClassName>DynamicReferentialContainmentRelationship</ClassName>
		<Id>{750353D6-046C-C590-B623-5E0832300005}</Id>
		<ObjectStoreId>{3B3B600C-3F75-47A5-B91D-7A36A20A0D2D}</ObjectStoreId>
	</Object>
</ExportObjectList>
