{
    "id": "SpecificCaseSearch",
    "title": "Specific Case Search",
    "category": "iDirectDocWidgets",
    "description": "Search for specific case types",
    "definition": "SpecificCaseSearch.json",
    "preview": "images/casesearch_preview.gif",
    "icon": "images/casesearch_icon.png",
    "runtimeClassName": "idirectdoc.icm.custom.pgwidget.specificcasesearch.SpecificCaseSearch",
    "help": "acmwrh94.htm",
    "previewThumbnail": "images/casesearch_thumb.gif",
    "properties": [
        {
            "propertyType": "property",
            "type": "string",
            "id": "PreferredWidth",
            "defaultValue": 250,
            "disabled": true,
            "required": false,
            "visibility": false,
            "title": "Preferred Width"
        },
        {
            "propertyType": "property",
            "type": "string",
            "id": "PreferredHeight",
            "defaultValue": "auto",
            "disabled": true,
            "required": false,
            "visibility": false,
            "title": "Preferred Height"
        },
		{
            "propertyType": "property",
            "type": "boolean",
            "id": "isShowSummaryViewProperties",
            "defaultValue": false,
            "required": true,
            "visibility": true,
            "title": "Include properties from the Summary view in a search across case types"
        },
		{
            "propertyType": "property",
            "type": "boolean",
            "id": "enableFindMyCasesButton",
            "defaultValue": false,
            "required": true,
            "visibility": true,
            "title": "Show My Cases Search"
        },
		{
            "propertyType": "property",
            "type": "boolean",
            "id": "isHideAdvancedButton",
            "defaultValue": false,
            "required": true,
            "visibility": true,
            "title": "Hide the Advanced Search"
        },
		{
	    "propertyType": "group",
            "type": "dropdown",
            "defaultValue": "showUserSpecified",
            "id": "advancedSearchUserSpecifiedSelector",
            "title": "In the advanced search dialog:",
	   		"propertyMembers": [
            	{
                    "propertyType": "group",
                    "type": "propertyPanel",
                    "id": "showUserSpecified",
                    "title": "Users can specify properties",
                    "propertyMembers": [
                        {
			    "propertyType": "property",
			    "type": "boolean",
			    "id": "isShowAllProperties",
			    "defaultValue": true,
			    "required": true,
			    "visibility": true,
			    "title": "Show all case properties in the user specify field."
				}
            ]
        },
                {
                    "propertyType": "group",
                    "type": "propertyPanel",
                    "id": "hideUserSpecified",
                    "title": "Users cannot specify properties",
                    "propertyMembers": [
                    ]
                }
            ]
		},
		{
            "propertyType": "property",
            "type": "string",
            "id": "listofcasetypes",
            "defaultValue": "",
            "required": true,
            "visibility": true,
            "title": "Comma separated list of case types(Exclude prefix) "
        } 
    ],
    "events":[
    	{
            "id": "icm.SearchCases",
            "type": "broadcast",
            "title": "Search cases",
            "direction": "published",
            "description": "The user started a search for cases."
        },
        {
            "id": "icm.SearchMyCases",
            "title": "Find my cases",
            "functionName": "handleICM_SearchMyCasesEvent",
            "direction": "subscribed",
            "description": "Perform the search for my cases."
        },
        {
            "id": "icm.ClearContent",
            "title": "Clear content",
            "functionName": "handleClearContent",
            "direction": "subscribed",
            "description": "Clear the content in the Search widget."
        },
	    {
            "id": "icm.SearchCases",
            "title": "Recieve Case Info",
            "functionName": "handleICM_SendCaseInfoEvent",
            "type": "broadcast",
            "direction": "published",
            "description": "The user started a search for cases."
        }    
     ]
}
