<?xml version="1.0" encoding="UTF-8"?>
<ExportObjectList version="1">
	<Object>
		<Name>iDirectDoc Cognitive</Name>
		<ClassName>CmAcmSolutionFolder</ClassName>
		<Id>{D081C1C2-D964-C1F9-8509-641F45200000}</Id>
		<ObjectStoreId>{3B3B600C-3F75-47A5-B91D-7A36A20A0D2D}</ObjectStoreId>
	</Object>
	<Object>
		<Name>nls</Name>
		<ClassName>Folder</ClassName>
		<Id>{ABC55395-CECE-C724-916E-641F45300001}</Id>
		<ObjectStoreId>{3B3B600C-3F75-47A5-B91D-7A36A20A0D2D}</ObjectStoreId>
	</Object>
	<Object>
		<Name>Pages</Name>
		<ClassName>Folder</ClassName>
		<Id>{AFADE394-F6B3-C475-AA15-641F45200000}</Id>
		<ObjectStoreId>{3B3B600C-3F75-47A5-B91D-7A36A20A0D2D}</ObjectStoreId>
	</Object>
	<Object>
		<Name>Rules</Name>
		<ClassName>Folder</ClassName>
		<Id>{417F710C-C3BA-C389-8D74-641F45200005}</Id>
		<ObjectStoreId>{3B3B600C-3F75-47A5-B91D-7A36A20A0D2D}</ObjectStoreId>
	</Object>
	<Object>
		<Name>Views</Name>
		<ClassName>Folder</ClassName>
		<Id>{D1D8F36F-F36E-C2C1-9C80-641F45200005}</Id>
		<ObjectStoreId>{3B3B600C-3F75-47A5-B91D-7A36A20A0D2D}</ObjectStoreId>
	</Object>
	<Object>
		<Name>Resources.js</Name>
		<ClassName>Document</ClassName>
		<Id>{924B0306-F45B-CAC3-8875-64FB8A500002}</Id>
		<ObjectStoreId>{3B3B600C-3F75-47A5-B91D-7A36A20A0D2D}</ObjectStoreId>
	</Object>
	<Object>
		<Name>Doctor Workflow Definition</Name>
		<ClassName>WorkflowDefinition</ClassName>
		<Id>{DCD27A2F-2131-C82A-9089-644A2AE00000}</Id>
		<ObjectStoreId>{3B3B600C-3F75-47A5-B91D-7A36A20A0D2D}</ObjectStoreId>
	</Object>
	<Object>
		<Name>Resources.js</Name>
		<ClassName>DynamicReferentialContainmentRelationship</ClassName>
		<Id>{69ED20B4-AB76-CC8E-9BAD-641F45300001}</Id>
		<ObjectStoreId>{3B3B600C-3F75-47A5-B91D-7A36A20A0D2D}</ObjectStoreId>
	</Object>
	<Object>
		<Name>IDC_Doctor</Name>
		<ClassName>DynamicReferentialContainmentRelationship</ClassName>
		<Id>{9B59DC51-41FD-C6E3-8B91-6423ED900000}</Id>
		<ObjectStoreId>{3B3B600C-3F75-47A5-B91D-7A36A20A0D2D}</ObjectStoreId>
	</Object>
	<Object>
		<Name>Add Appointment</Name>
		<ClassName>CmAcmPage</ClassName>
		<Id>{840C32E1-6B4B-CA8E-8748-6467C5B00000}</Id>
		<ObjectStoreId>{3B3B600C-3F75-47A5-B91D-7A36A20A0D2D}</ObjectStoreId>
	</Object>
	<Object>
		<Name>Add Appointment</Name>
		<ClassName>DynamicReferentialContainmentRelationship</ClassName>
		<Id>{2B8D48D4-FCFA-CE90-8BB0-646537F00000}</Id>
		<ObjectStoreId>{3B3B600C-3F75-47A5-B91D-7A36A20A0D2D}</ObjectStoreId>
	</Object>
	<Object>
		<Name>IDC_Episode</Name>
		<ClassName>Folder</ClassName>
		<Id>{5A18261D-ACD6-C4CE-90B8-641F45200005}</Id>
		<ObjectStoreId>{3B3B600C-3F75-47A5-B91D-7A36A20A0D2D}</ObjectStoreId>
	</Object>
	<Object>
		<Name>Add Patient</Name>
		<ClassName>CmAcmPage</ClassName>
		<Id>{5BA51AA6-6695-C892-85C1-647B43C00000}</Id>
		<ObjectStoreId>{3B3B600C-3F75-47A5-B91D-7A36A20A0D2D}</ObjectStoreId>
	</Object>
	<Object>
		<Name></Name>
		<ClassName>CmAcmDraftArea</ClassName>
		<Id>{768F2A00-7A73-C4F7-8EB1-6423ED900000}</Id>
		<ObjectStoreId>{3B3B600C-3F75-47A5-B91D-7A36A20A0D2D}</ObjectStoreId>
	</Object>
	<Object>
		<Name>IDC_Doctor_Draft</Name>
		<ClassName>ReferentialContainmentRelationship</ClassName>
		<Id>{A7D92F81-DB0D-C910-926B-6423ED900000}</Id>
		<ObjectStoreId>{3B3B600C-3F75-47A5-B91D-7A36A20A0D2D}</ObjectStoreId>
	</Object>
	<Object>
		<Name>Add Patient</Name>
		<ClassName>DynamicReferentialContainmentRelationship</ClassName>
		<Id>{B2868FAD-980F-C25A-B38D-641F45200000}</Id>
		<ObjectStoreId>{3B3B600C-3F75-47A5-B91D-7A36A20A0D2D}</ObjectStoreId>
	</Object>
	<Object>
		<Name>Episode Workflow Definition</Name>
		<ClassName>WorkflowDefinition</ClassName>
		<Id>{6BD15CD7-A382-C4A3-97EB-64FB89B00000}</Id>
		<ObjectStoreId>{3B3B600C-3F75-47A5-B91D-7A36A20A0D2D}</ObjectStoreId>
	</Object>
	<Object>
		<Name>IDC_Episode</Name>
		<ClassName>DynamicReferentialContainmentRelationship</ClassName>
		<Id>{DC7B9523-DAE6-C83C-8E43-641F45200000}</Id>
		<ObjectStoreId>{3B3B600C-3F75-47A5-B91D-7A36A20A0D2D}</ObjectStoreId>
	</Object>
	<Object>
		<Name>Appointment</Name>
		<ClassName>CmAcmPage</ClassName>
		<Id>{6A20E6A9-58D8-C6CC-B511-641F45200000}</Id>
		<ObjectStoreId>{3B3B600C-3F75-47A5-B91D-7A36A20A0D2D}</ObjectStoreId>
	</Object>
	<Object>
		<Name>Appointment</Name>
		<ClassName>DynamicReferentialContainmentRelationship</ClassName>
		<Id>{9F1DCB09-2F5C-C08A-B938-641F45200000}</Id>
		<ObjectStoreId>{3B3B600C-3F75-47A5-B91D-7A36A20A0D2D}</ObjectStoreId>
	</Object>
	<Object>
		<Name></Name>
		<ClassName>CmAcmDraftArea</ClassName>
		<Id>{18E4BE67-15B2-C1ED-A69C-641F45300001}</Id>
		<ObjectStoreId>{3B3B600C-3F75-47A5-B91D-7A36A20A0D2D}</ObjectStoreId>
	</Object>
	<Object>
		<Name>IDC_Episode_Draft</Name>
		<ClassName>ReferentialContainmentRelationship</ClassName>
		<Id>{F2237A52-09FE-C54E-ABDB-641F45300001}</Id>
		<ObjectStoreId>{3B3B600C-3F75-47A5-B91D-7A36A20A0D2D}</ObjectStoreId>
	</Object>
	<Object>
		<Name>IDC_Doctor</Name>
		<ClassName>Folder</ClassName>
		<Id>{3FE2629B-87B2-CBDA-85E3-64246B500000}</Id>
		<ObjectStoreId>{3B3B600C-3F75-47A5-B91D-7A36A20A0D2D}</ObjectStoreId>
	</Object>
	<Object>
		<Name>Event Workflow Definition</Name>
		<ClassName>WorkflowDefinition</ClassName>
		<Id>{41640212-493F-C717-9B68-644A22400000}</Id>
		<ObjectStoreId>{3B3B600C-3F75-47A5-B91D-7A36A20A0D2D}</ObjectStoreId>
	</Object>
	<Object>
		<Name>IDC_Episode</Name>
		<ClassName>Folder</ClassName>
		<Id>{B38F06D4-100B-CCAF-A2A0-641F45200005}</Id>
		<ObjectStoreId>{3B3B600C-3F75-47A5-B91D-7A36A20A0D2D}</ObjectStoreId>
	</Object>
	<Object>
		<Name>Calendar Event</Name>
		<ClassName>CmAcmPage</ClassName>
		<Id>{2852C927-4C99-C9AD-BEB9-641F45200000}</Id>
		<ObjectStoreId>{3B3B600C-3F75-47A5-B91D-7A36A20A0D2D}</ObjectStoreId>
	</Object>
	<Object>
		<Name>IDC_Event</Name>
		<ClassName>DynamicReferentialContainmentRelationship</ClassName>
		<Id>{587E4723-3A7F-CB7F-8899-644A22400000}</Id>
		<ObjectStoreId>{3B3B600C-3F75-47A5-B91D-7A36A20A0D2D}</ObjectStoreId>
	</Object>
	<Object>
		<Name>IDC_Event</Name>
		<ClassName>Folder</ClassName>
		<Id>{C6F016B1-9DCA-CDAA-9488-644A22400000}</Id>
		<ObjectStoreId>{3B3B600C-3F75-47A5-B91D-7A36A20A0D2D}</ObjectStoreId>
	</Object>
	<Object>
		<Name>Calendar Event</Name>
		<ClassName>DynamicReferentialContainmentRelationship</ClassName>
		<Id>{FBC27E41-7FAC-CB26-81FF-641F45200001}</Id>
		<ObjectStoreId>{3B3B600C-3F75-47A5-B91D-7A36A20A0D2D}</ObjectStoreId>
	</Object>
	<Object>
		<Name>IDC_TodoTask</Name>
		<ClassName>Folder</ClassName>
		<Id>{60CA2102-DC31-C56A-86F2-641F45300001}</Id>
		<ObjectStoreId>{3B3B600C-3F75-47A5-B91D-7A36A20A0D2D}</ObjectStoreId>
	</Object>
	<Object>
		<Name></Name>
		<ClassName>CmAcmDraftArea</ClassName>
		<Id>{D067F6B5-84C8-C268-8C81-644A22400000}</Id>
		<ObjectStoreId>{3B3B600C-3F75-47A5-B91D-7A36A20A0D2D}</ObjectStoreId>
	</Object>
	<Object>
		<Name>IDC_Event_Draft</Name>
		<ClassName>ReferentialContainmentRelationship</ClassName>
		<Id>{63A37BD9-022E-CE1B-91CE-644A22400000}</Id>
		<ObjectStoreId>{3B3B600C-3F75-47A5-B91D-7A36A20A0D2D}</ObjectStoreId>
	</Object>
	<Object>
		<Name>Episode Search</Name>
		<ClassName>CmAcmPage</ClassName>
		<Id>{8ED8EB43-463A-C12A-864F-641F45200001}</Id>
		<ObjectStoreId>{3B3B600C-3F75-47A5-B91D-7A36A20A0D2D}</ObjectStoreId>
	</Object>
	<Object>
		<Name>Clients</Name>
		<ClassName>DynamicReferentialContainmentRelationship</ClassName>
		<Id>{E6A07AC3-F3BA-C7B2-8A1B-641F45200001}</Id>
		<ObjectStoreId>{3B3B600C-3F75-47A5-B91D-7A36A20A0D2D}</ObjectStoreId>
	</Object>
	<Object>
		<Name>PE Configuration</Name>
		<ClassName>Document</ClassName>
		<Id>{D4702393-38E7-CC66-8563-64FB89900000}</Id>
		<ObjectStoreId>{3B3B600C-3F75-47A5-B91D-7A36A20A0D2D}</ObjectStoreId>
	</Object>
	<Object>
		<Name>PE Configuration</Name>
		<ClassName>DynamicReferentialContainmentRelationship</ClassName>
		<Id>{021A2A0E-5DB5-CB51-9E68-641F45200000}</Id>
		<ObjectStoreId>{3B3B600C-3F75-47A5-B91D-7A36A20A0D2D}</ObjectStoreId>
	</Object>
	<Object>
		<Name>Solution Definition</Name>
		<ClassName>Document</ClassName>
		<Id>{CB61118F-F3C4-C644-8A17-64A597E00000}</Id>
		<ObjectStoreId>{3B3B600C-3F75-47A5-B91D-7A36A20A0D2D}</ObjectStoreId>
	</Object>
	<Object>
		<Name>Solution Definition</Name>
		<ClassName>DynamicReferentialContainmentRelationship</ClassName>
		<Id>{2A5BB5D0-D4FE-CC7F-A7C9-641F45200000}</Id>
		<ObjectStoreId>{3B3B600C-3F75-47A5-B91D-7A36A20A0D2D}</ObjectStoreId>
	</Object>
	<Object>
		<Name>BP</Name>
		<ClassName>CmAcmRule</ClassName>
		<Id>{2FA0F7FE-C592-CE85-9603-641F45200005}</Id>
		<ObjectStoreId>{3B3B600C-3F75-47A5-B91D-7A36A20A0D2D}</ObjectStoreId>
	</Object>
	<Object>
		<Name>BMI</Name>
		<ClassName>DynamicReferentialContainmentRelationship</ClassName>
		<Id>{EA5ECF1D-401C-C4CB-9AB5-641F45200005}</Id>
		<ObjectStoreId>{3B3B600C-3F75-47A5-B91D-7A36A20A0D2D}</ObjectStoreId>
	</Object>
	<Object>
		<Name></Name>
		<ClassName>CmAcmSolutionLockControl</ClassName>
		<Id>{C3FD13B8-031E-C4AC-9F73-641F45300001}</Id>
		<ObjectStoreId>{3B3B600C-3F75-47A5-B91D-7A36A20A0D2D}</ObjectStoreId>
	</Object>
	<Object>
		<Name>Solution Locks</Name>
		<ClassName>ReferentialContainmentRelationship</ClassName>
		<Id>{0BEBFE95-C2D3-C44D-A091-641F45300001}</Id>
		<ObjectStoreId>{3B3B600C-3F75-47A5-B91D-7A36A20A0D2D}</ObjectStoreId>
	</Object>
	<Object>
		<Name>Solution Workflow Collection</Name>
		<ClassName>WorkflowDefinition</ClassName>
		<Id>{1ECF5B08-7536-CDAD-90ED-641F45200000}</Id>
		<ObjectStoreId>{3B3B600C-3F75-47A5-B91D-7A36A20A0D2D}</ObjectStoreId>
	</Object>
	<Object>
		<Name>Solution Workflow Collection</Name>
		<ClassName>DynamicReferentialContainmentRelationship</ClassName>
		<Id>{05B4DE11-4D6F-CECC-97D7-641F45200000}</Id>
		<ObjectStoreId>{3B3B600C-3F75-47A5-B91D-7A36A20A0D2D}</ObjectStoreId>
	</Object>
	<Object>
		<Name></Name>
		<ClassName>CmAcmDraftArea</ClassName>
		<Id>{4953EE73-F66F-C3B5-AFEE-641F45300001}</Id>
		<ObjectStoreId>{3B3B600C-3F75-47A5-B91D-7A36A20A0D2D}</ObjectStoreId>
	</Object>
	<Object>
		<Name>Solution Workflow Collection_Draft</Name>
		<ClassName>ReferentialContainmentRelationship</ClassName>
		<Id>{FF3E059D-1759-C07C-B078-641F45300001}</Id>
		<ObjectStoreId>{3B3B600C-3F75-47A5-B91D-7A36A20A0D2D}</ObjectStoreId>
	</Object>
	<Object>
		<Name>Basic Health And Vitals</Name>
		<ClassName>CmAcmView</ClassName>
		<Id>{0EACEB27-C584-CEFA-865C-64908BC00000}</Id>
		<ObjectStoreId>{3B3B600C-3F75-47A5-B91D-7A36A20A0D2D}</ObjectStoreId>
	</Object>
	<Object>
		<Name>Basic Health And Vitals</Name>
		<ClassName>DynamicReferentialContainmentRelationship</ClassName>
		<Id>{11AE25BD-CEDE-C6A9-893D-6439F7800000}</Id>
		<ObjectStoreId>{3B3B600C-3F75-47A5-B91D-7A36A20A0D2D}</ObjectStoreId>
	</Object>
	<Object>
		<Name>Confidential</Name>
		<ClassName>CmAcmView</ClassName>
		<Id>{427B7877-B8B2-C495-878B-647B5C700000}</Id>
		<ObjectStoreId>{3B3B600C-3F75-47A5-B91D-7A36A20A0D2D}</ObjectStoreId>
	</Object>
	<Object>
		<Name>Confidential</Name>
		<ClassName>DynamicReferentialContainmentRelationship</ClassName>
		<Id>{13C8175A-DAC5-C33D-8A50-647B32300000}</Id>
		<ObjectStoreId>{3B3B600C-3F75-47A5-B91D-7A36A20A0D2D}</ObjectStoreId>
	</Object>
	<Object>
		<Name>New Doctor</Name>
		<ClassName>CmAcmView</ClassName>
		<Id>{14C10B08-4265-C097-89C2-64246B500000}</Id>
		<ObjectStoreId>{3B3B600C-3F75-47A5-B91D-7A36A20A0D2D}</ObjectStoreId>
	</Object>
	<Object>
		<Name>Costable Event</Name>
		<ClassName>CmAcmView</ClassName>
		<Id>{7B13CD03-E1B7-C5FD-BD07-641F45200005}</Id>
		<ObjectStoreId>{3B3B600C-3F75-47A5-B91D-7A36A20A0D2D}</ObjectStoreId>
	</Object>
	<Object>
		<Name>Costable Event</Name>
		<ClassName>DynamicReferentialContainmentRelationship</ClassName>
		<Id>{C2125283-8FB4-CDF3-81EA-641F45200006}</Id>
		<ObjectStoreId>{3B3B600C-3F75-47A5-B91D-7A36A20A0D2D}</ObjectStoreId>
	</Object>
	<Object>
		<Name>New Doctor</Name>
		<ClassName>DynamicReferentialContainmentRelationship</ClassName>
		<Id>{11D4DA07-3599-C04A-8C91-64246B500000}</Id>
		<ObjectStoreId>{3B3B600C-3F75-47A5-B91D-7A36A20A0D2D}</ObjectStoreId>
	</Object>
	<Object>
		<Name>Diagnosis and Issues</Name>
		<ClassName>CmAcmView</ClassName>
		<Id>{C91BCB17-0D7C-C1D6-8698-649B8C000000}</Id>
		<ObjectStoreId>{3B3B600C-3F75-47A5-B91D-7A36A20A0D2D}</ObjectStoreId>
	</Object>
	<Object>
		<Name>Diagnosis and Issues</Name>
		<ClassName>DynamicReferentialContainmentRelationship</ClassName>
		<Id>{49AC90AE-679C-C640-8B81-64786B300000}</Id>
		<ObjectStoreId>{3B3B600C-3F75-47A5-B91D-7A36A20A0D2D}</ObjectStoreId>
	</Object>
	<Object>
		<Name>Enhanced Demographics</Name>
		<ClassName>CmAcmView</ClassName>
		<Id>{9C72EC8C-127D-CD9A-87E7-64911B800000}</Id>
		<ObjectStoreId>{3B3B600C-3F75-47A5-B91D-7A36A20A0D2D}</ObjectStoreId>
	</Object>
	<Object>
		<Name>Enhanced Demographics</Name>
		<ClassName>DynamicReferentialContainmentRelationship</ClassName>
		<Id>{2BECA56C-1DD8-CD9A-8802-646CA8900000}</Id>
		<ObjectStoreId>{3B3B600C-3F75-47A5-B91D-7A36A20A0D2D}</ObjectStoreId>
	</Object>
	<Object>
		<Name>Episode View Default Mobile</Name>
		<ClassName>CmAcmView</ClassName>
		<Id>{11ED6852-4AEC-C2B8-971A-641F45200006}</Id>
		<ObjectStoreId>{3B3B600C-3F75-47A5-B91D-7A36A20A0D2D}</ObjectStoreId>
	</Object>
	<Object>
		<Name>Episode View Default Mobile</Name>
		<ClassName>DynamicReferentialContainmentRelationship</ClassName>
		<Id>{C8540606-487E-C757-9AFE-641F45200006}</Id>
		<ObjectStoreId>{3B3B600C-3F75-47A5-B91D-7A36A20A0D2D}</ObjectStoreId>
	</Object>
	<Object>
		<Name>Case Details</Name>
		<ClassName>CmAcmPage</ClassName>
		<Id>{83925CAC-1DAC-C1EE-875A-64786BF00000}</Id>
		<ObjectStoreId>{3B3B600C-3F75-47A5-B91D-7A36A20A0D2D}</ObjectStoreId>
	</Object>
	<Object>
		<Name>CmAcmCASE_DEFAULT_PAGE</Name>
		<ClassName>DynamicReferentialContainmentRelationship</ClassName>
		<Id>{28DC639F-E66A-C116-91A8-641F45200001}</Id>
		<ObjectStoreId>{3B3B600C-3F75-47A5-B91D-7A36A20A0D2D}</ObjectStoreId>
	</Object>
	<Object>
		<Name>Episode View Read Only</Name>
		<ClassName>CmAcmView</ClassName>
		<Id>{DE9D89A6-937F-C52A-88F9-641F45300000}</Id>
		<ObjectStoreId>{3B3B600C-3F75-47A5-B91D-7A36A20A0D2D}</ObjectStoreId>
	</Object>
	<Object>
		<Name>Episode View Read Only</Name>
		<ClassName>DynamicReferentialContainmentRelationship</ClassName>
		<Id>{37C86ED4-4FDA-C33F-8D9E-641F45300000}</Id>
		<ObjectStoreId>{3B3B600C-3F75-47A5-B91D-7A36A20A0D2D}</ObjectStoreId>
	</Object>
	<Object>
		<Name>Add Case</Name>
		<ClassName>CmAcmPage</ClassName>
		<Id>{D6E14D6C-9C5D-CDA4-86F6-644A24400000}</Id>
		<ObjectStoreId>{3B3B600C-3F75-47A5-B91D-7A36A20A0D2D}</ObjectStoreId>
	</Object>
	<Object>
		<Name>CmAcmCASE_NEW_DEFAULT_PAGE</Name>
		<ClassName>DynamicReferentialContainmentRelationship</ClassName>
		<Id>{CAA792AF-57BF-CB88-980E-641F45200001}</Id>
		<ObjectStoreId>{3B3B600C-3F75-47A5-B91D-7A36A20A0D2D}</ObjectStoreId>
	</Object>
	<Object>
		<Name>EpisodeViewDefault_Latest</Name>
		<ClassName>CmAcmView</ClassName>
		<Id>{6C12C150-743B-C3DD-8787-642498700000}</Id>
		<ObjectStoreId>{3B3B600C-3F75-47A5-B91D-7A36A20A0D2D}</ObjectStoreId>
	</Object>
	<Object>
		<Name>CmAcmCASE_NEW_PAGE</Name>
		<ClassName>CmAcmPage</ClassName>
		<Id>{8978517F-4FD1-C99D-9EA0-641F45200001}</Id>
		<ObjectStoreId>{3B3B600C-3F75-47A5-B91D-7A36A20A0D2D}</ObjectStoreId>
	</Object>
	<Object>
		<Name>CmAcmCASE_NEW_PAGE</Name>
		<ClassName>DynamicReferentialContainmentRelationship</ClassName>
		<Id>{1D562C6C-676A-C04D-A289-641F45200001}</Id>
		<ObjectStoreId>{3B3B600C-3F75-47A5-B91D-7A36A20A0D2D}</ObjectStoreId>
	</Object>
	<Object>
		<Name>EpisodeViewDefault_Latest</Name>
		<ClassName>DynamicReferentialContainmentRelationship</ClassName>
		<Id>{27E64792-8BDC-CE51-97B6-641F45300000}</Id>
		<ObjectStoreId>{3B3B600C-3F75-47A5-B91D-7A36A20A0D2D}</ObjectStoreId>
	</Object>
	<Object>
		<Name>CmAcmCASE_PAGE</Name>
		<ClassName>CmAcmPage</ClassName>
		<Id>{68A87399-EE9D-C53D-A70A-641F45200001}</Id>
		<ObjectStoreId>{3B3B600C-3F75-47A5-B91D-7A36A20A0D2D}</ObjectStoreId>
	</Object>
	<Object>
		<Name>CmAcmCASE_PAGE</Name>
		<ClassName>DynamicReferentialContainmentRelationship</ClassName>
		<Id>{F5DC299A-5C87-C8F7-AAAB-641F45200001}</Id>
		<ObjectStoreId>{3B3B600C-3F75-47A5-B91D-7A36A20A0D2D}</ObjectStoreId>
	</Object>
	<Object>
		<Name>Health Plan Alerts</Name>
		<ClassName>CmAcmView</ClassName>
		<Id>{CD8A8987-A537-C88B-8478-64428EC00000}</Id>
		<ObjectStoreId>{3B3B600C-3F75-47A5-B91D-7A36A20A0D2D}</ObjectStoreId>
	</Object>
	<Object>
		<Name>Health Plan Alerts</Name>
		<ClassName>DynamicReferentialContainmentRelationship</ClassName>
		<Id>{79CEAA34-77E8-CAAD-8AC4-6439F0000000}</Id>
		<ObjectStoreId>{3B3B600C-3F75-47A5-B91D-7A36A20A0D2D}</ObjectStoreId>
	</Object>
	<Object>
		<Name>CmAcmCASE_SPLIT_DEFAULT_PAGE</Name>
		<ClassName>CmAcmPage</ClassName>
		<Id>{06CDCA2F-C0ED-CF0D-AE82-641F45200001}</Id>
		<ObjectStoreId>{3B3B600C-3F75-47A5-B91D-7A36A20A0D2D}</ObjectStoreId>
	</Object>
	<Object>
		<Name>CmAcmCASE_SPLIT_DEFAULT_PAGE</Name>
		<ClassName>DynamicReferentialContainmentRelationship</ClassName>
		<Id>{BF232566-871F-C39C-B395-641F45200001}</Id>
		<ObjectStoreId>{3B3B600C-3F75-47A5-B91D-7A36A20A0D2D}</ObjectStoreId>
	</Object>
	<Object>
		<Name>Medical History</Name>
		<ClassName>CmAcmView</ClassName>
		<Id>{18873316-86DF-C8B9-87A4-648593C00000}</Id>
		<ObjectStoreId>{3B3B600C-3F75-47A5-B91D-7A36A20A0D2D}</ObjectStoreId>
	</Object>
	<Object>
		<Name>Medical History</Name>
		<ClassName>DynamicReferentialContainmentRelationship</ClassName>
		<Id>{FEFFDBA9-C287-C77C-8B6F-64852BA00000}</Id>
		<ObjectStoreId>{3B3B600C-3F75-47A5-B91D-7A36A20A0D2D}</ObjectStoreId>
	</Object>
	<Object>
		<Name>Cases</Name>
		<ClassName>CmAcmPage</ClassName>
		<Id>{B6A6AC28-8585-C9AC-872B-643DEC200000}</Id>
		<ObjectStoreId>{3B3B600C-3F75-47A5-B91D-7A36A20A0D2D}</ObjectStoreId>
	</Object>
	<Object>
		<Name>CmAcmCASES_DEFAULT_PAGE</Name>
		<ClassName>DynamicReferentialContainmentRelationship</ClassName>
		<Id>{09778E78-2B0E-C605-BAC8-641F45200001}</Id>
		<ObjectStoreId>{3B3B600C-3F75-47A5-B91D-7A36A20A0D2D}</ObjectStoreId>
	</Object>
	<Object>
		<Name>Medications</Name>
		<ClassName>CmAcmView</ClassName>
		<Id>{FC54348D-DB1A-C813-88EC-642168200000}</Id>
		<ObjectStoreId>{3B3B600C-3F75-47A5-B91D-7A36A20A0D2D}</ObjectStoreId>
	</Object>
	<Object>
		<Name>Medications</Name>
		<ClassName>DynamicReferentialContainmentRelationship</ClassName>
		<Id>{FCDF97FD-F044-C943-935B-642168200000}</Id>
		<ObjectStoreId>{3B3B600C-3F75-47A5-B91D-7A36A20A0D2D}</ObjectStoreId>
	</Object>
	<Object>
		<Name>CmAcmSTEP_ATTACHMENT_PAGE</Name>
		<ClassName>CmAcmPage</ClassName>
		<Id>{A08013F1-34A1-CCC2-BFEC-641F45200001}</Id>
		<ObjectStoreId>{3B3B600C-3F75-47A5-B91D-7A36A20A0D2D}</ObjectStoreId>
	</Object>
	<Object>
		<Name>CmAcmSTEP_ATTACHMENT_PAGE</Name>
		<ClassName>DynamicReferentialContainmentRelationship</ClassName>
		<Id>{AF078BF2-6C3E-C44A-8211-641F45200002}</Id>
		<ObjectStoreId>{3B3B600C-3F75-47A5-B91D-7A36A20A0D2D}</ObjectStoreId>
	</Object>
	<Object>
		<Name>Message</Name>
		<ClassName>CmAcmView</ClassName>
		<Id>{A9A448DF-3964-C93C-988E-641F45300000}</Id>
		<ObjectStoreId>{3B3B600C-3F75-47A5-B91D-7A36A20A0D2D}</ObjectStoreId>
	</Object>
	<Object>
		<Name>Message</Name>
		<ClassName>DynamicReferentialContainmentRelationship</ClassName>
		<Id>{D8A6B849-9591-C022-9E83-641F45300000}</Id>
		<ObjectStoreId>{3B3B600C-3F75-47A5-B91D-7A36A20A0D2D}</ObjectStoreId>
	</Object>
	<Object>
		<Name>My Health Plan</Name>
		<ClassName>CmAcmView</ClassName>
		<Id>{D1AA1FC4-DD3F-C41B-8745-64249F000000}</Id>
		<ObjectStoreId>{3B3B600C-3F75-47A5-B91D-7A36A20A0D2D}</ObjectStoreId>
	</Object>
	<Object>
		<Name>My Health Plan</Name>
		<ClassName>DynamicReferentialContainmentRelationship</ClassName>
		<Id>{FA7A4AF4-AF71-C27E-89B0-642031C00000}</Id>
		<ObjectStoreId>{3B3B600C-3F75-47A5-B91D-7A36A20A0D2D}</ObjectStoreId>
	</Object>
	<Object>
		<Name>CmAcmSTEP_DEFAULT_PAGE</Name>
		<ClassName>CmAcmPage</ClassName>
		<Id>{AB35E518-32A8-CC2F-8722-641F45200002}</Id>
		<ObjectStoreId>{3B3B600C-3F75-47A5-B91D-7A36A20A0D2D}</ObjectStoreId>
	</Object>
	<Object>
		<Name>CmAcmSTEP_DEFAULT_PAGE</Name>
		<ClassName>DynamicReferentialContainmentRelationship</ClassName>
		<Id>{9C660A50-51E1-CC45-8B0C-641F45200002}</Id>
		<ObjectStoreId>{3B3B600C-3F75-47A5-B91D-7A36A20A0D2D}</ObjectStoreId>
	</Object>
	<Object>
		<Name>CmAcmSTEP_DYNAMIC_DEFAULT_PAGE</Name>
		<ClassName>CmAcmPage</ClassName>
		<Id>{6799489E-9085-CC94-8DCC-641F45200002}</Id>
		<ObjectStoreId>{3B3B600C-3F75-47A5-B91D-7A36A20A0D2D}</ObjectStoreId>
	</Object>
	<Object>
		<Name>CmAcmSTEP_DYNAMIC_DEFAULT_PAGE</Name>
		<ClassName>DynamicReferentialContainmentRelationship</ClassName>
		<Id>{47387807-5E05-C228-90AD-641F45200002}</Id>
		<ObjectStoreId>{3B3B600C-3F75-47A5-B91D-7A36A20A0D2D}</ObjectStoreId>
	</Object>
	<Object>
		<Name>Patient Care Team</Name>
		<ClassName>CmAcmView</ClassName>
		<Id>{5E0A73AD-C165-CA0F-8689-642486800000}</Id>
		<ObjectStoreId>{3B3B600C-3F75-47A5-B91D-7A36A20A0D2D}</ObjectStoreId>
	</Object>
	<Object>
		<Name>Patient Care Team</Name>
		<ClassName>DynamicReferentialContainmentRelationship</ClassName>
		<Id>{AED6FA51-152D-CF4A-8B92-642478100000}</Id>
		<ObjectStoreId>{3B3B600C-3F75-47A5-B91D-7A36A20A0D2D}</ObjectStoreId>
	</Object>
	<Object>
		<Name>CmAcmSTEP_LAUNCH_DEFAULT_PAGE</Name>
		<ClassName>CmAcmPage</ClassName>
		<Id>{CBDA79B0-5D64-C07B-96DD-641F45200002}</Id>
		<ObjectStoreId>{3B3B600C-3F75-47A5-B91D-7A36A20A0D2D}</ObjectStoreId>
	</Object>
	<Object>
		<Name>CmAcmSTEP_LAUNCH_DEFAULT_PAGE</Name>
		<ClassName>DynamicReferentialContainmentRelationship</ClassName>
		<Id>{7C65382A-64C0-C9A7-9904-641F45200002}</Id>
		<ObjectStoreId>{3B3B600C-3F75-47A5-B91D-7A36A20A0D2D}</ObjectStoreId>
	</Object>
	<Object>
		<Name>Patient Details</Name>
		<ClassName>CmAcmView</ClassName>
		<Id>{D9E47B9F-FCA2-CEBD-8496-649129300000}</Id>
		<ObjectStoreId>{3B3B600C-3F75-47A5-B91D-7A36A20A0D2D}</ObjectStoreId>
	</Object>
	<Object>
		<Name>Patient Details</Name>
		<ClassName>DynamicReferentialContainmentRelationship</ClassName>
		<Id>{BEC44950-009C-C52D-8896-6439EDD00000}</Id>
		<ObjectStoreId>{3B3B600C-3F75-47A5-B91D-7A36A20A0D2D}</ObjectStoreId>
	</Object>
	<Object>
		<Name>CmAcmSTEP_LAUNCH_PAGE</Name>
		<ClassName>CmAcmPage</ClassName>
		<Id>{F77859C1-CF48-CCC7-9C45-641F45200002}</Id>
		<ObjectStoreId>{3B3B600C-3F75-47A5-B91D-7A36A20A0D2D}</ObjectStoreId>
	</Object>
	<Object>
		<Name>CmAcmSTEP_LAUNCH_PAGE</Name>
		<ClassName>DynamicReferentialContainmentRelationship</ClassName>
		<Id>{57225128-882C-CDE4-A368-641F45200002}</Id>
		<ObjectStoreId>{3B3B600C-3F75-47A5-B91D-7A36A20A0D2D}</ObjectStoreId>
	</Object>
	<Object>
		<Name>Reminders View</Name>
		<ClassName>CmAcmView</ClassName>
		<Id>{7CB2474B-CB79-C336-ABE9-641F45300000}</Id>
		<ObjectStoreId>{3B3B600C-3F75-47A5-B91D-7A36A20A0D2D}</ObjectStoreId>
	</Object>
	<Object>
		<Name>CmAcmSTEP_PAGE</Name>
		<ClassName>CmAcmPage</ClassName>
		<Id>{1B78E73C-648F-CA6A-A70E-641F45200002}</Id>
		<ObjectStoreId>{3B3B600C-3F75-47A5-B91D-7A36A20A0D2D}</ObjectStoreId>
	</Object>
	<Object>
		<Name>CmAcmSTEP_PAGE</Name>
		<ClassName>DynamicReferentialContainmentRelationship</ClassName>
		<Id>{B20A2956-5785-C9B7-AB9B-641F45200002}</Id>
		<ObjectStoreId>{3B3B600C-3F75-47A5-B91D-7A36A20A0D2D}</ObjectStoreId>
	</Object>
	<Object>
		<Name>Reminders View</Name>
		<ClassName>DynamicReferentialContainmentRelationship</ClassName>
		<Id>{0ECD0B5A-142C-C13A-AFD8-641F45300000}</Id>
		<ObjectStoreId>{3B3B600C-3F75-47A5-B91D-7A36A20A0D2D}</ObjectStoreId>
	</Object>
	<Object>
		<Name>Work</Name>
		<ClassName>CmAcmPage</ClassName>
		<Id>{3E9D64D4-8AA7-C2D3-845E-643D38600000}</Id>
		<ObjectStoreId>{3B3B600C-3F75-47A5-B91D-7A36A20A0D2D}</ObjectStoreId>
	</Object>
	<Object>
		<Name>CmAcmWORK_DEFAULT_PAGE</Name>
		<ClassName>DynamicReferentialContainmentRelationship</ClassName>
		<Id>{99329C0C-AFB0-C159-B1DD-641F45200002}</Id>
		<ObjectStoreId>{3B3B600C-3F75-47A5-B91D-7A36A20A0D2D}</ObjectStoreId>
	</Object>
	<Object>
		<Name>SOAP Notes</Name>
		<ClassName>CmAcmView</ClassName>
		<Id>{80468068-5793-C947-8796-64957AA00000}</Id>
		<ObjectStoreId>{3B3B600C-3F75-47A5-B91D-7A36A20A0D2D}</ObjectStoreId>
	</Object>
	<Object>
		<Name>SOAP Notes</Name>
		<ClassName>DynamicReferentialContainmentRelationship</ClassName>
		<Id>{59F3B531-BC6D-C20C-8A31-643EFC400000}</Id>
		<ObjectStoreId>{3B3B600C-3F75-47A5-B91D-7A36A20A0D2D}</ObjectStoreId>
	</Object>
	<Object>
		<Name>Content Analytics</Name>
		<ClassName>CmAcmPage</ClassName>
		<Id>{AD8A00DC-8558-C9F6-B49B-641F45200002}</Id>
		<ObjectStoreId>{3B3B600C-3F75-47A5-B91D-7A36A20A0D2D}</ObjectStoreId>
	</Object>
	<Object>
		<Name>Content Analytics</Name>
		<ClassName>DynamicReferentialContainmentRelationship</ClassName>
		<Id>{C585271B-2E42-CC52-BAA3-641F45200002}</Id>
		<ObjectStoreId>{3B3B600C-3F75-47A5-B91D-7A36A20A0D2D}</ObjectStoreId>
	</Object>
	<Object>
		<Name>To Do Layout</Name>
		<ClassName>CmAcmView</ClassName>
		<Id>{0A68DDF6-05B8-C7CD-B0FE-641F45300000}</Id>
		<ObjectStoreId>{3B3B600C-3F75-47A5-B91D-7A36A20A0D2D}</ObjectStoreId>
	</Object>
	<Object>
		<Name>To Do Layout</Name>
		<ClassName>DynamicReferentialContainmentRelationship</ClassName>
		<Id>{65E3850D-20F8-CC7B-B426-641F45300000}</Id>
		<ObjectStoreId>{3B3B600C-3F75-47A5-B91D-7A36A20A0D2D}</ObjectStoreId>
	</Object>
	<Object>
		<Name>Costable Event</Name>
		<ClassName>CmAcmPage</ClassName>
		<Id>{A32B2D4C-CC67-CC10-BDB3-641F45200002}</Id>
		<ObjectStoreId>{3B3B600C-3F75-47A5-B91D-7A36A20A0D2D}</ObjectStoreId>
	</Object>
	<Object>
		<Name>Costable Event</Name>
		<ClassName>DynamicReferentialContainmentRelationship</ClassName>
		<Id>{FCB512BD-BCF5-C63C-81D2-641F45200003}</Id>
		<ObjectStoreId>{3B3B600C-3F75-47A5-B91D-7A36A20A0D2D}</ObjectStoreId>
	</Object>
	<Object>
		<Name>Visit SOAP Notes</Name>
		<ClassName>CmAcmView</ClassName>
		<Id>{84C4D91B-0514-C28D-85B7-64D283100000}</Id>
		<ObjectStoreId>{3B3B600C-3F75-47A5-B91D-7A36A20A0D2D}</ObjectStoreId>
	</Object>
	<Object>
		<Name>Visit SOAP Notes</Name>
		<ClassName>DynamicReferentialContainmentRelationship</ClassName>
		<Id>{56A76BB0-D398-C3F8-8A88-649520400000}</Id>
		<ObjectStoreId>{3B3B600C-3F75-47A5-B91D-7A36A20A0D2D}</ObjectStoreId>
	</Object>
	<Object>
		<Name>Create Calender Event</Name>
		<ClassName>CmAcmPage</ClassName>
		<Id>{50BC2C66-A8E0-C66A-84FD-641F45200003}</Id>
		<ObjectStoreId>{3B3B600C-3F75-47A5-B91D-7A36A20A0D2D}</ObjectStoreId>
	</Object>
	<Object>
		<Name>Create Calender Event</Name>
		<ClassName>DynamicReferentialContainmentRelationship</ClassName>
		<Id>{34C8BFB9-C9E7-CEC7-8AED-641F45200003}</Id>
		<ObjectStoreId>{3B3B600C-3F75-47A5-B91D-7A36A20A0D2D}</ObjectStoreId>
	</Object>
	<Object>
		<Name>Visit SOAP Notes WF Fields</Name>
		<ClassName>CmAcmView</ClassName>
		<Id>{A1AB0E90-7FD4-C8E9-876F-64FB73100000}</Id>
		<ObjectStoreId>{3B3B600C-3F75-47A5-B91D-7A36A20A0D2D}</ObjectStoreId>
	</Object>
	<Object>
		<Name>Visit SOAP Notes WF Fields</Name>
		<ClassName>DynamicReferentialContainmentRelationship</ClassName>
		<Id>{FC464F41-DF18-C0E7-8B2E-64FB63100000}</Id>
		<ObjectStoreId>{3B3B600C-3F75-47A5-B91D-7A36A20A0D2D}</ObjectStoreId>
	</Object>
	<Object>
		<Name>Create Message</Name>
		<ClassName>CmAcmPage</ClassName>
		<Id>{CA6BCB53-C90D-C4E4-8E61-641F45200003}</Id>
		<ObjectStoreId>{3B3B600C-3F75-47A5-B91D-7A36A20A0D2D}</ObjectStoreId>
	</Object>
	<Object>
		<Name>Create Message</Name>
		<ClassName>DynamicReferentialContainmentRelationship</ClassName>
		<Id>{4C0DD16B-4FA7-CD97-9219-641F45200003}</Id>
		<ObjectStoreId>{3B3B600C-3F75-47A5-B91D-7A36A20A0D2D}</ObjectStoreId>
	</Object>
	<Object>
		<Name>Create Reminder</Name>
		<ClassName>CmAcmPage</ClassName>
		<Id>{24D6009D-B201-CA4E-94C8-641F45200003}</Id>
		<ObjectStoreId>{3B3B600C-3F75-47A5-B91D-7A36A20A0D2D}</ObjectStoreId>
	</Object>
	<Object>
		<Name>Create Reminder</Name>
		<ClassName>DynamicReferentialContainmentRelationship</ClassName>
		<Id>{26928F02-F838-C027-9994-641F45200003}</Id>
		<ObjectStoreId>{3B3B600C-3F75-47A5-B91D-7A36A20A0D2D}</ObjectStoreId>
	</Object>
	<Object>
		<Name>Create SOAP Note</Name>
		<ClassName>CmAcmPage</ClassName>
		<Id>{6AF96790-4419-C605-84F6-6494D9000000}</Id>
		<ObjectStoreId>{3B3B600C-3F75-47A5-B91D-7A36A20A0D2D}</ObjectStoreId>
	</Object>
	<Object>
		<Name>Create SOAP Note</Name>
		<ClassName>DynamicReferentialContainmentRelationship</ClassName>
		<Id>{9FD3C459-5918-C5F9-8B80-643E0FE00000}</Id>
		<ObjectStoreId>{3B3B600C-3F75-47A5-B91D-7A36A20A0D2D}</ObjectStoreId>
	</Object>
	<Object>
		<Name>Create Visit</Name>
		<ClassName>CmAcmPage</ClassName>
		<Id>{32928C8D-A802-C7D3-87B4-649498F00000}</Id>
		<ObjectStoreId>{3B3B600C-3F75-47A5-B91D-7A36A20A0D2D}</ObjectStoreId>
	</Object>
	<Object>
		<Name>Create Visit</Name>
		<ClassName>DynamicReferentialContainmentRelationship</ClassName>
		<Id>{FC42EDAC-0561-C445-896F-649498F00000}</Id>
		<ObjectStoreId>{3B3B600C-3F75-47A5-B91D-7A36A20A0D2D}</ObjectStoreId>
	</Object>
	<Object>
		<Name>Event View</Name>
		<ClassName>CmAcmView</ClassName>
		<Id>{9690998A-F4AC-C650-8419-64772AB00000}</Id>
		<ObjectStoreId>{3B3B600C-3F75-47A5-B91D-7A36A20A0D2D}</ObjectStoreId>
	</Object>
	<Object>
		<Name>Event View</Name>
		<ClassName>DynamicReferentialContainmentRelationship</ClassName>
		<Id>{E8E450B6-C27B-CFAA-9FA2-644A22400000}</Id>
		<ObjectStoreId>{3B3B600C-3F75-47A5-B91D-7A36A20A0D2D}</ObjectStoreId>
	</Object>
	<Object>
		<Name>Custom Scripts</Name>
		<ClassName>CmAcmPage</ClassName>
		<Id>{33A5581C-2CEA-C428-9FE8-641F45200003}</Id>
		<ObjectStoreId>{3B3B600C-3F75-47A5-B91D-7A36A20A0D2D}</ObjectStoreId>
	</Object>
	<Object>
		<Name>Custom Scripts</Name>
		<ClassName>DynamicReferentialContainmentRelationship</ClassName>
		<Id>{E8517BA5-EC70-CC9D-A306-641F45200003}</Id>
		<ObjectStoreId>{3B3B600C-3F75-47A5-B91D-7A36A20A0D2D}</ObjectStoreId>
	</Object>
	<Object>
		<Name>Custom Scripts1</Name>
		<ClassName>CmAcmPage</ClassName>
		<Id>{A14FCD9E-B6D4-C590-A549-641F45200003}</Id>
		<ObjectStoreId>{3B3B600C-3F75-47A5-B91D-7A36A20A0D2D}</ObjectStoreId>
	</Object>
	<Object>
		<Name>Custom Scripts1</Name>
		<ClassName>DynamicReferentialContainmentRelationship</ClassName>
		<Id>{F2D1F9A8-A774-CCF3-ABAB-641F45200003}</Id>
		<ObjectStoreId>{3B3B600C-3F75-47A5-B91D-7A36A20A0D2D}</ObjectStoreId>
	</Object>
	<Object>
		<Name>Custom Toolbar Menu</Name>
		<ClassName>CmAcmPage</ClassName>
		<Id>{4C98DC9D-52A2-CE23-AE72-641F45200003}</Id>
		<ObjectStoreId>{3B3B600C-3F75-47A5-B91D-7A36A20A0D2D}</ObjectStoreId>
	</Object>
	<Object>
		<Name>Custom Toolbar Menu</Name>
		<ClassName>DynamicReferentialContainmentRelationship</ClassName>
		<Id>{A8B734F5-99A3-C175-B093-641F45200003}</Id>
		<ObjectStoreId>{3B3B600C-3F75-47A5-B91D-7A36A20A0D2D}</ObjectStoreId>
	</Object>
	<Object>
		<Name>CmAcmTASK_DEFAULT_VIEW</Name>
		<ClassName>CmAcmView</ClassName>
		<Id>{B04776F4-10E5-C447-8AA8-641F45300001}</Id>
		<ObjectStoreId>{3B3B600C-3F75-47A5-B91D-7A36A20A0D2D}</ObjectStoreId>
	</Object>
	<Object>
		<Name>Doctor Case Details</Name>
		<ClassName>CmAcmPage</ClassName>
		<Id>{239B2BD6-9AE6-CD17-8782-6444E1100000}</Id>
		<ObjectStoreId>{3B3B600C-3F75-47A5-B91D-7A36A20A0D2D}</ObjectStoreId>
	</Object>
	<Object>
		<Name>CmAcmTASK_DEFAULT_VIEW</Name>
		<ClassName>DynamicReferentialContainmentRelationship</ClassName>
		<Id>{53833B16-315F-CFA5-8D85-641F45300001}</Id>
		<ObjectStoreId>{3B3B600C-3F75-47A5-B91D-7A36A20A0D2D}</ObjectStoreId>
	</Object>
	<Object>
		<Name>Doctor Case Details</Name>
		<ClassName>DynamicReferentialContainmentRelationship</ClassName>
		<Id>{04B59AD3-C34E-CC9A-88C6-6444D3C00000}</Id>
		<ObjectStoreId>{3B3B600C-3F75-47A5-B91D-7A36A20A0D2D}</ObjectStoreId>
	</Object>
	<Object>
		<Name>Event Case Details</Name>
		<ClassName>CmAcmPage</ClassName>
		<Id>{ED60827C-208A-CDAF-85C5-64911F400000}</Id>
		<ObjectStoreId>{3B3B600C-3F75-47A5-B91D-7A36A20A0D2D}</ObjectStoreId>
	</Object>
	<Object>
		<Name>Event Case Details</Name>
		<ClassName>DynamicReferentialContainmentRelationship</ClassName>
		<Id>{ADA11AF9-C5C8-C0F0-888C-644A26900000}</Id>
		<ObjectStoreId>{3B3B600C-3F75-47A5-B91D-7A36A20A0D2D}</ObjectStoreId>
	</Object>
	<Object>
		<Name>Home</Name>
		<ClassName>CmAcmPage</ClassName>
		<Id>{C994DE85-B99E-C6A6-B705-641F45200003}</Id>
		<ObjectStoreId>{3B3B600C-3F75-47A5-B91D-7A36A20A0D2D}</ObjectStoreId>
	</Object>
	<Object>
		<Name>Home</Name>
		<ClassName>DynamicReferentialContainmentRelationship</ClassName>
		<Id>{3406F977-B39E-CCDC-B955-641F45200003}</Id>
		<ObjectStoreId>{3B3B600C-3F75-47A5-B91D-7A36A20A0D2D}</ObjectStoreId>
	</Object>
	<Object>
		<Name>Home PageX</Name>
		<ClassName>CmAcmPage</ClassName>
		<Id>{79E42F05-344F-CA8B-BD89-641F45200003}</Id>
		<ObjectStoreId>{3B3B600C-3F75-47A5-B91D-7A36A20A0D2D}</ObjectStoreId>
	</Object>
	<Object>
		<Name>Home Page</Name>
		<ClassName>DynamicReferentialContainmentRelationship</ClassName>
		<Id>{E1B727E4-5BAA-C801-832D-641F45200004}</Id>
		<ObjectStoreId>{3B3B600C-3F75-47A5-B91D-7A36A20A0D2D}</ObjectStoreId>
	</Object>
	<Object>
		<Name>Home Page</Name>
		<ClassName>CmAcmPage</ClassName>
		<Id>{A0561573-3C98-CAAE-8598-641F45200004}</Id>
		<ObjectStoreId>{3B3B600C-3F75-47A5-B91D-7A36A20A0D2D}</ObjectStoreId>
	</Object>
	<Object>
		<Name>Home Page 2</Name>
		<ClassName>DynamicReferentialContainmentRelationship</ClassName>
		<Id>{A9633104-CE70-CCFC-8B1F-641F45200004}</Id>
		<ObjectStoreId>{3B3B600C-3F75-47A5-B91D-7A36A20A0D2D}</ObjectStoreId>
	</Object>
	<Object>
		<Name>Patient Outlook</Name>
		<ClassName>CmAcmPage</ClassName>
		<Id>{4ED5D8E3-5CBF-C8D3-8F6A-641F45200004}</Id>
		<ObjectStoreId>{3B3B600C-3F75-47A5-B91D-7A36A20A0D2D}</ObjectStoreId>
	</Object>
	<Object>
		<Name>Home Page1</Name>
		<ClassName>DynamicReferentialContainmentRelationship</ClassName>
		<Id>{FC2B5E9B-1A76-CA4E-9006-641F45200004}</Id>
		<ObjectStoreId>{3B3B600C-3F75-47A5-B91D-7A36A20A0D2D}</ObjectStoreId>
	</Object>
	<Object>
		<Name>My Calendar</Name>
		<ClassName>CmAcmPage</ClassName>
		<Id>{32273253-1012-C2B1-842E-64874A800000}</Id>
		<ObjectStoreId>{3B3B600C-3F75-47A5-B91D-7A36A20A0D2D}</ObjectStoreId>
	</Object>
	<Object>
		<Name>My Calendar</Name>
		<ClassName>DynamicReferentialContainmentRelationship</ClassName>
		<Id>{67153D7E-34CB-CF06-9854-641F45200004}</Id>
		<ObjectStoreId>{3B3B600C-3F75-47A5-B91D-7A36A20A0D2D}</ObjectStoreId>
	</Object>
	<Object>
		<Name>My Personal Health Records</Name>
		<ClassName>CmAcmPage</ClassName>
		<Id>{3E196C52-B761-CCE5-9DFD-641F45200004}</Id>
		<ObjectStoreId>{3B3B600C-3F75-47A5-B91D-7A36A20A0D2D}</ObjectStoreId>
	</Object>
	<Object>
		<Name>My Personal Health Records</Name>
		<ClassName>DynamicReferentialContainmentRelationship</ClassName>
		<Id>{97300650-C38D-CBFD-A1DB-641F45200004}</Id>
		<ObjectStoreId>{3B3B600C-3F75-47A5-B91D-7A36A20A0D2D}</ObjectStoreId>
	</Object>
	<Object>
		<Name>Patient Case Details-Doctor View</Name>
		<ClassName>CmAcmPage</ClassName>
		<Id>{EC18C4CC-94E5-C6F5-853D-64FB87900000}</Id>
		<ObjectStoreId>{3B3B600C-3F75-47A5-B91D-7A36A20A0D2D}</ObjectStoreId>
	</Object>
	<Object>
		<Name>Patient Case Details-Doctor View</Name>
		<ClassName>DynamicReferentialContainmentRelationship</ClassName>
		<Id>{51CFE333-636A-C2F6-8B74-6475D2A00000}</Id>
		<ObjectStoreId>{3B3B600C-3F75-47A5-B91D-7A36A20A0D2D}</ObjectStoreId>
	</Object>
	<Object>
		<Name>Patient Case Details-Patient View</Name>
		<ClassName>CmAcmPage</ClassName>
		<Id>{A4119670-6E26-C926-86DE-64C58F200000}</Id>
		<ObjectStoreId>{3B3B600C-3F75-47A5-B91D-7A36A20A0D2D}</ObjectStoreId>
	</Object>
	<Object>
		<Name>Patient Case Details-Patient View</Name>
		<ClassName>DynamicReferentialContainmentRelationship</ClassName>
		<Id>{F58545BF-8D7F-C740-8988-6475D1D00000}</Id>
		<ObjectStoreId>{3B3B600C-3F75-47A5-B91D-7A36A20A0D2D}</ObjectStoreId>
	</Object>
	<Object>
		<Name>Patients</Name>
		<ClassName>CmAcmPage</ClassName>
		<Id>{92C73D4A-6D19-C356-8640-643DECF00000}</Id>
		<ObjectStoreId>{3B3B600C-3F75-47A5-B91D-7A36A20A0D2D}</ObjectStoreId>
	</Object>
	<Object>
		<Name>Patients</Name>
		<ClassName>DynamicReferentialContainmentRelationship</ClassName>
		<Id>{A35EAEF1-2B48-C3E6-8A7B-643DECF00000}</Id>
		<ObjectStoreId>{3B3B600C-3F75-47A5-B91D-7A36A20A0D2D}</ObjectStoreId>
	</Object>
	<Object>
		<Name>Practice Dashboard</Name>
		<ClassName>CmAcmPage</ClassName>
		<Id>{0A0B67E9-FD9D-CBF8-A4DF-641F45200004}</Id>
		<ObjectStoreId>{3B3B600C-3F75-47A5-B91D-7A36A20A0D2D}</ObjectStoreId>
	</Object>
	<Object>
		<Name>Practice Dashboard</Name>
		<ClassName>DynamicReferentialContainmentRelationship</ClassName>
		<Id>{10AF4385-F35F-CE93-A83D-641F45200004}</Id>
		<ObjectStoreId>{3B3B600C-3F75-47A5-B91D-7A36A20A0D2D}</ObjectStoreId>
	</Object>
	<Object>
		<Name>Reminders Work Details</Name>
		<ClassName>CmAcmPage</ClassName>
		<Id>{730AEC98-0DF5-C259-AEEF-641F45200004}</Id>
		<ObjectStoreId>{3B3B600C-3F75-47A5-B91D-7A36A20A0D2D}</ObjectStoreId>
	</Object>
	<Object>
		<Name>Reminders Work Details</Name>
		<ClassName>DynamicReferentialContainmentRelationship</ClassName>
		<Id>{04413D00-229B-C8A4-B22F-641F45200004}</Id>
		<ObjectStoreId>{3B3B600C-3F75-47A5-B91D-7A36A20A0D2D}</ObjectStoreId>
	</Object>
	<Object>
		<Name>Secure Message</Name>
		<ClassName>CmAcmPage</ClassName>
		<Id>{FBAA2FBC-A28D-CEF4-B6FE-641F45200004}</Id>
		<ObjectStoreId>{3B3B600C-3F75-47A5-B91D-7A36A20A0D2D}</ObjectStoreId>
	</Object>
	<Object>
		<Name>Secure Message</Name>
		<ClassName>DynamicReferentialContainmentRelationship</ClassName>
		<Id>{7131F720-6E0E-CF40-BBA4-641F45200004}</Id>
		<ObjectStoreId>{3B3B600C-3F75-47A5-B91D-7A36A20A0D2D}</ObjectStoreId>
	</Object>
	<Object>
		<Name>SOAP Notes</Name>
		<ClassName>CmAcmPage</ClassName>
		<Id>{289D1CC8-EA2A-CF94-851D-64FB63900000}</Id>
		<ObjectStoreId>{3B3B600C-3F75-47A5-B91D-7A36A20A0D2D}</ObjectStoreId>
	</Object>
	<Object>
		<Name>SOAP Notes</Name>
		<ClassName>DynamicReferentialContainmentRelationship</ClassName>
		<Id>{FA3E9DCB-11A7-CF83-89A9-643DFDA00000}</Id>
		<ObjectStoreId>{3B3B600C-3F75-47A5-B91D-7A36A20A0D2D}</ObjectStoreId>
	</Object>
	<Object>
		<Name>SOAP Notes Case Details</Name>
		<ClassName>CmAcmPage</ClassName>
		<Id>{B49BDCF5-97C3-C858-8716-648004800000}</Id>
		<ObjectStoreId>{3B3B600C-3F75-47A5-B91D-7A36A20A0D2D}</ObjectStoreId>
	</Object>
	<Object>
		<Name>SOAP Notes Case Details</Name>
		<ClassName>DynamicReferentialContainmentRelationship</ClassName>
		<Id>{0BEB8BA2-E7B0-C4AF-8AE2-643E50300000}</Id>
		<ObjectStoreId>{3B3B600C-3F75-47A5-B91D-7A36A20A0D2D}</ObjectStoreId>
	</Object>
	<Object>
		<Name>TestForCases</Name>
		<ClassName>CmAcmPage</ClassName>
		<Id>{35C54EA3-B5BB-CB37-BDAA-641F45200004}</Id>
		<ObjectStoreId>{3B3B600C-3F75-47A5-B91D-7A36A20A0D2D}</ObjectStoreId>
	</Object>
	<Object>
		<Name>TestForCases</Name>
		<ClassName>DynamicReferentialContainmentRelationship</ClassName>
		<Id>{B6F2BC0A-02A8-C068-8283-641F45200005}</Id>
		<ObjectStoreId>{3B3B600C-3F75-47A5-B91D-7A36A20A0D2D}</ObjectStoreId>
	</Object>
	<Object>
		<Name>Work Details Read Only</Name>
		<ClassName>CmAcmPage</ClassName>
		<Id>{927B104E-66DC-C21B-8500-641F45200005}</Id>
		<ObjectStoreId>{3B3B600C-3F75-47A5-B91D-7A36A20A0D2D}</ObjectStoreId>
	</Object>
	<Object>
		<Name>Work Details Read Only</Name>
		<ClassName>DynamicReferentialContainmentRelationship</ClassName>
		<Id>{E34EC0E7-2934-C2C4-8952-641F45200005}</Id>
		<ObjectStoreId>{3B3B600C-3F75-47A5-B91D-7A36A20A0D2D}</ObjectStoreId>
	</Object>
</ExportObjectList>
