{
	"Name": "Services Widgets",
	"Description": "IBM ECM Services Widget Library",
	"Version": "1.0",
	"Categories":
	[
		{
			"id": "Services",
			"title": "Services Widgets"
		}
	],
	"Widgets": 
	[
		{
			"id": "TechnologyDashboard",
			"title": "Technology Dashboard",
			"category": "Services",
			"description": "Technology dashboard widget",
			"definition": "TechnologyDashboard.json",
			"preview": "images/technologyDashboardWidget.png",
			"icon": "images/technologyDashboardWidget.png",
			"runtimeClassName": "ecmServices.pgwidgets.TechnologyDashboardWidget",
			"previewThumbnail": "images/technologyDashboardWidget.png"
		},
		{
			"id": "SensorDashboard",
			"title": "Sensor Dashboard",
			"category": "Services",
			"description": "Provides access combined sensor data for a client.",
			"definition": "SensorDashboard.json",
			"preview": "images/sensorDashboardWidget.png",
			"icon": "images/sensorDashboardWidget.png",
			"runtimeClassName": "ecmServices.hc.SensorDashboardWidget",
			"previewThumbnail": "images/sensorDashboardWidget.png"
		},
		{
			"id": "TitleWidget",
			"title": "Title Widget",
			"category": "Services",
			"description": "Displays a very simple title over a section",
			"definition": "TitleWidget.json",
			"preview": "images/titleWidget.png",
			"icon": "images/titleWidget.png",
			"runtimeClassName": "ecmServices.titleWidget.TitleWidget",
			"previewThumbnail": "images/titleWidget.png"
		},
		{
			"id": "CommentsListWidget",
			"title": "Comments List Widget",
			"category": "Services",
			"description": "Displays a the comments for the current case",
			"definition": "CommentsListWidget.json",
			"preview": "images/commentListWidget.png",
			"icon": "images/commentListWidget.png",
			"runtimeClassName": "ecmServices.commentsListWidget.CommentsListWidget",
			"previewThumbnail": "images/commentListWidget.png"
		},
		{
			"id": "TaskList",
			"title": "Task List",
			"category": "Services",
			"description": "Task list widget",
			"definition": "Displays a list of tasks and task properties",
			"preview": "images/taskListWidget.png",
			"icon": "images/taskListWidget.png",
			"runtimeClassName": "ecmServices.pgwidgets.TaskListWidget",
			"previewThumbnail": "images/taskListWidget.png",
			"definition": "TaskListWidget.json"
		},
		{
			"id": "QueryWidget",
			"title": "Case Query Widget",
			"category": "Services",
			"description": "A hidden widget for creating queries that can be wired to the Case List widget",
			"definition": "QueryWidget.json",
			"preview": "images/queryWidget.png",
			"icon": "images/queryWidget.png",
			"runtimeClassName": "ecmServices.pgwidgets.QueryWidget",
			"previewThumbnail": "images/queryWidget.png",
			"definition": "QueryWidget.json"
		},
		{
			"id": "DispatchPromptWidget",
			"title": "Dispatch Prompt Widget",
			"category": "Services",
			"description": "A hidden widget for prompting users for comments or some other dialog depending on the response to a work item",
			"definition": "DispatchPromptWidget.json",
			"preview": "images/dispatchPromptWidget.png",
			"icon": "images/dispatchPromptWidget.png",
			"runtimeClassName": "ecmServices.pgwidgets.DispatchPromptWidget",
			"previewThumbnail": "images/dispatchPromptWidget.gif",
			"definition": "DispatchPromptWidget.json"
		}
	]
}