{
	"id":"CommentsListWidget",
	"title":"Comments List Widget",
	"category":"Services",
	"description":"Displays a the comments for the current case",
	"definition":"CommentsListWidget.json",
	"preview":"images/titleWidget_28.png",
	"icon":"images/titleWidget_28.png",
	"runtimeClassName":"ecmServices.commentsListWidget.CommentsListWidget",
	"previewThumbnail":"images/titleWidget.gif",
	"properties" : 
	[
		{
			"propertyType" : "property",
			"type" : "string",
			"id" : "PreferredWidth",
			"defaultValue" : "200px",
			"disabled" : true,
			"required" : false,
			"visibility" : false,
			"title" : "Preferred Width"
		},
		{
			"propertyType" : "property",
			"type" : "string",
			"id" : "PreferredHeight",
			"defaultValue" : "60px",
			"disabled" : true,
			"required" : false,
			"visibility" : false,
			"title" : "Preferred Height"
		}
	],
	"events" : 
	[
		{
			"id" : "icm.SendCaseInfo",
			"title" : "Receive Case Details",
			"functionName" : "onReceiveCase",
			"direction" : "subscribed",
			"description" : "Receive case details."
		}
	]
}