{
	"id":"DispatchPromptWidget",
	"title":"Dispatch Prompt Widget",
	"category":"Services",
	"description":"A hidden widget for prompting users for comments or some other dialog depending on the response to a work item",
	"definition":"DispatchPromptWidget.json",
	"preview":"images/dispatchPromptWidget.png",
	"icon":"images/dispatchPromptWidget.png",
	"runtimeClassName":"ecmServices.pgwidgets.DispatchPromptWidget",
	"previewThumbnail":"images/dispatchPromptWidget.gif",
	"properties" : 
	[
        {
            "propertyType": "property",
		    "type": "label",
		    "id": "helpLabel",
		    "visibility": true,
		    "title": "Enter the desired response for requesting prompt, the prompt string and the name of the JS module for the dialog."
      	},
        {
			"propertyType" : "property",
			"type" : "string",
			"id" : "response",
			"defaultValue" : false,
			"disabled" : false,
			"required" : true,
			"visibility" : false,
			"title" : "Response"
      	},
        {
			"propertyType" : "property",
			"type" : "string",
			"id" : "prompt",
			"defaultValue" : false,
			"disabled" : false,
			"required" : true,
			"visibility" : false,
			"title" : "Dialog Title"
      	},
		{
			"propertyType" : "property",
			"type" : "string",
			"id" : "module",
			"defaultValue" : "ecmServices/widget/WorkItemCommentDialog",
			"disabled" : false,
			"required" : true,
			"visibility" : false,
			"title" : "Dialog JS Module"
		},
		{
			"propertyType" : "property",
			"type" : "boolean",
			"id" : "ignoreBroadcasts",
			"defaultValue" : false,
			"disabled" : false,
			"required" : true,
			"visibility" : false,
			"title" : "Ignore Broadcasts"
		},
		{
			"propertyType" : "property",
			"type" : "string",
			"id" : "PreferredWidth",
			"defaultValue" : "200px",
			"disabled" : true,
			"required" : false,
			"visibility" : false,
			"title" : "Preferred Width"
		},
		{
			"propertyType" : "property",
			"type" : "string",
			"id" : "PreferredHeight",
			"defaultValue" : "60px",
			"disabled" : true,
			"required" : false,
			"visibility" : false,
			"title" : "Preferred Height"
		}
	],
	"events" : 
	[
		{
			"id" : "icm.SendWorkItem",
			"title" : "Receive Case Details",
			"functionName" : "handleICM_SendWorkItemEvent",
			"direction" : "subscribed",
			"description" : "Receive case details."
		}
	]
}