{
	"id":"QueryWidget",
	"title":"Case Query Widget",
	"category":"Services",
	"description":"A hidden widget for creating queries that can be wired to the Case List widget",
	"definition":"QueryWidget.json",
	"preview":"images/queryWidget.png",
	"icon":"images/queryWidget.png",
	"runtimeClassName":"ecmServices.pgwidgets.QueryWidget",
	"previewThumbnail":"images/queryWidget.gif",
	"properties" : 
	[
        {
            "propertyType": "property",
		    "type": "label",
		    "id": "queryLabel",
		    "visibility": true,
		    "title": "Create your CE Query here. The code will substitute {F_CaseFolder.<propname>} and {F_CaseTask.<propname>} for the appropriate value and will substitute {ClassName} for the case class name and {Id} for the case object ID.<br><br><b>Note:</b> Be sure to disable the event broadcast of the SelectCase on the Case List widget otherwise it'll clear out the properties on the Case Information widget"
      	},
		{
			"propertyType" : "property",
			"type" : "string",
			"id" : "query",
			"defaultValue" : "select * from {ClassName}",
			"disabled" : false,
			"required" : true,
			"visibility" : false,
			"title" : "CE SQL Query"
		},
		{
			"propertyType" : "property",
			"type" : "boolean",
			"id" : "ignoreBroadcasts",
			"defaultValue" : false,
			"disabled" : false,
			"required" : true,
			"visibility" : false,
			"title" : "Ignore Broadcasts"
		},
		{
			"propertyType" : "property",
			"type" : "string",
			"id" : "PreferredWidth",
			"defaultValue" : "200px",
			"disabled" : true,
			"required" : false,
			"visibility" : false,
			"title" : "Preferred Width"
		},
		{
			"propertyType" : "property",
			"type" : "string",
			"id" : "PreferredHeight",
			"defaultValue" : "60px",
			"disabled" : true,
			"required" : false,
			"visibility" : false,
			"title" : "Preferred Height"
		}
	],
	"events" : 
	[
        {
            "id": "icm.SearchCases",
            "type": "broadcast",
            "title": "Search cases",
            "direction": "published",
            "description": "The user started a search for cases."
        },
		{
			"id" : "icm.SendCaseInfo",
			"title" : "Receive Case Details",
			"functionName" : "handleICM_SendCaseInfoEvent",
			"direction" : "subscribed",
			"description" : "Receive case details."
		},
		{
			"id" : "icm.SendWorkItem",
			"title" : "Receive Case Details",
			"functionName" : "handleICM_SendWorkItemEvent",
			"direction" : "subscribed",
			"description" : "Receive case details."
		}
	]
}