{
	"id" : "SensorDashboard",
	"title" : "Sensor Dashboard",
	"category" : "Services",
	"description" : "Sensor Dashboard widget",
	"definition" : "Provides access to electronic sensor data",
	"preview" : "images/clinicalSummary_28.png",
	"icon" : "images/clinicalSummary_28.png",
	"runtimeClassName" : "ecmServices.hc.SensorDashboardWidget",
	"previewThumbnail" : "images/attachment_thumb.gif",
	"properties" : 
	[
		{
			"propertyType" : "property",
			"type" : "string",
			"id" : "PreferredWidth",
			"defaultValue" : "200px",
			"disabled" : true,
			"required" : false,
			"visibility" : false,
			"title" : "Preferred Width"
		},
		{
			"propertyType" : "property",
			"type" : "string",
			"id" : "PreferredHeight",
			"defaultValue" : "60px",
			"disabled" : true,
			"required" : false,
			"visibility" : false,
			"title" : "Preferred Height"
		}
	],
	"events" : 
	[
		{
			"id" : "icm.SendWorkItem",
			"title" : "Receive work item",
			"functionName" : "handleICM_SendWorkItemEvent",
			"direction" : "subscribed",
			"description" : "Receive a work item and retrieve the associated EMPI client record."
		},
		{
			"id" : "icm.SendCaseInfo",
			"title" : "Receive case",
			"functionName" : "handleICM_SendCaseInfoEvent",
			"direction" : "subscribed",
			"description" : "Receive a case and retrieve the associated EMPI client record."
		}
	]
}