{
	"id" : "TaskList",
	"title" : "Task List",
	"category" : "Services",
	"description" : "Task list widget",
	"definition" : "Displays a list of tasks and task properties",
	"preview" : "images/taskListWidget.png",
	"icon" : "images/taskListWidget.png",
	"runtimeClassName" : "ecmServices.pgwidgets.TaskListWidget",
	"previewThumbnail" : "images/taskListWidget.png",
	"properties" : 
	[
		{
			"propertyType" : "property",
			"type" : "string",
			"id" : "PreferredWidth",
			"defaultValue" : "500px",
			"disabled" : true,
			"required" : false,
			"visibility" : false,
			"title" : "Preferred Width"
		},
		{
			"propertyType" : "property",
			"type" : "string",
			"id" : "PreferredHeight",
			"defaultValue" : "100%",
			"disabled" : true,
			"required" : false,
			"visibility" : false,
			"title" : "Preferred Height"
		},
		{
			"propertyType": "property",
			"type": "task",
			"id": "taskType",
			"visibility": true,
			"required": true,
			"title": "Task Type"
		},
		{
			"propertyType": "property",
			"type": "label",
			"id": "propertyListDescription",
			"visibility": true,
			"title": "You must enter the names of the task properties to be displayed, one property per line."
		},
		{
			"propertyType": "property",
			"type": "textarea",
			"id": "propertyList",
			"required": true,
			"visibility": true,
			"title": "Properties"
	  	}
	],
	"events" : 
	[
		{
			"id" : "icm.SendWorkItem",
			"title" : "Receive work item",
			"functionName" : "handleICM_SendWorkItemEvent",
			"direction" : "subscribed",
			"description" : "Receive a work item and retrieve the associated EMPI client record."
		},
		{
			"id" : "icm.SendCaseInfo",
			"title" : "Receive case",
			"functionName" : "handleICM_SendCaseInfoEvent",
			"direction" : "subscribed",
			"description" : "Receive a case and retrieve the associated EMPI client record."
		}
	]
}