{
	"id" : "TechnologyDashboard",
	"title" : "Technology Dashboard",
	"category" : "Services",
	"description" : "Technology dashboard widget",
	"definition" : "Provides access to technology data",
	"preview" : "images/technologyDashboardWidget.png",
	"icon" : "images/technologyDashboardWidget.png",
	"runtimeClassName" : "ecmServices.pgwidgets.TechnologyDashboardWidget",
	"previewThumbnail" : "images/technologyDashboardWidget.png",
	"properties" : 
	[
		{
			"propertyType" : "property",
			"type" : "string",
			"id" : "PreferredWidth",
			"defaultValue" : "500px",
			"disabled" : true,
			"required" : false,
			"visibility" : false,
			"title" : "Preferred Width"
		},
		{
			"propertyType" : "property",
			"type" : "string",
			"id" : "PreferredHeight",
			"defaultValue" : "100%",
			"disabled" : true,
			"required" : false,
			"visibility" : false,
			"title" : "Preferred Height"
		},
        {
            "propertyType": "property",
		    "type": "string",
		    "id": "IdentifierProperty",
		    "visibility": true,
		    "title": "Case property containing the lookup identifier"
      	},
        {
            "propertyType": "property",
		    "type": "string",
		    "id": "BaseURL",
		    "visibility": true,
            "defaultValue": "/services/rest/techx",
		    "title": "Base URL for the services endpoint providing the table data"
      	}
	],
	"events" : 
	[
		{
			"id" : "icm.SendWorkItem",
			"title" : "Receive work item",
			"functionName" : "handleICM_SendWorkItemEvent",
			"direction" : "subscribed",
			"description" : "Receive a work item and retrieve the associated EMPI client record."
		},
		{
			"id" : "icm.SendCaseInfo",
			"title" : "Receive case",
			"functionName" : "handleICM_SendCaseInfoEvent",
			"direction" : "subscribed",
			"description" : "Receive a case and retrieve the associated EMPI client record."
		}
	]
}