{
	"id":"TitleWidget",
	"title":"Title Widget",
	"category":"Services",
	"description":"Displays a very simple title over a section",
	"definition":"TitleWidget.json",
	"preview":"images/titleWidget_28.png",
	"icon":"images/titleWidget_28.png",
	"runtimeClassName":"ecmServices.titleWidget.TitleWidget",
	"previewThumbnail":"images/titleWidget.gif",
	"properties" : 
	[
		{
			"propertyType" : "property",
			"type" : "string",
			"id" : "PreferredWidth",
			"defaultValue" : "200px",
			"disabled" : true,
			"required" : false,
			"visibility" : false,
			"title" : "Preferred Width"
		},
		{
			"propertyType" : "property",
			"type" : "string",
			"id" : "PreferredHeight",
			"defaultValue" : "60px",
			"disabled" : true,
			"required" : false,
			"visibility" : false,
			"title" : "Preferred Height"
		},
		{
			"propertyType" : "property",
			"type" : "string",
			"id" : "DisplayTitle",
			"defaultValue" : "Title",
			"disabled" : false,
			"required" : true,
			"visibility" : true,
			"title" : "Display Title"
		},
		{
			"propertyType" : "property",
			"type" : "string",
			"id" : "DisplayDescription",
			"defaultValue" : "Description",
			"disabled" : false,
			"required" : false,
			"visibility" : true,
			"title" : "Display Description"
		},
		{
			"propertyType" : "property",
			"type" : "boolean",
			"id" : "Collapsed",
			"defaultValue" : false,
			"disabled" : false,
			"required" : true,
			"visibility" : true,
			"title" : "Collapsed"
		},
		{
			"propertyType" : "property",
			"type" : "boolean",
			"id" : "Collapsible",
			"defaultValue" : false,
			"disabled" : false,
			"required" : true,
			"visibility" : true,
			"title" : "Collapsible"
		}
	],
	"events" : 
	[
		{
			"id" : "com.ibm.services.UpdateDescription",
			"title" : "Update Description",
			"functionName" : "_updateDescription",
			"direction" : "subscribed",
			"description" : "Update the description in the title widget."
		},
		{
			"id" : "com.ibm.services.UpdateTitle",
			"title" : "Update Title",
			"functionName" : "_updateTitle",
			"direction" : "subscribed",
			"description" : "Update the title in the title widget."
		}
	]
}